products,beef_stewing_cuts_per_kilogram_4,beef_striploin_cuts_per_kilogram_4,beef_top_sirloin_cuts_per_kilogram_4,beef_rib_cuts_per_kilogram_4,ground_beef_per_kilogram_4,pork_loin_cuts_per_kilogram_4,pork_rib_cuts_per_kilogram_4,pork_shoulder_cuts_per_kilogram_4,whole_chicken_per_kilogram_4,chicken_breasts_per_kilogram_4,chicken_thigh_per_kilogram_4,chicken_drumsticks_per_kilogram_4,bacon_500_grams_5,wieners_400_grams_5,salmon_per_kilogram_4,shrimp_300_grams_5,canned_salmon_213_grams_5,canned_tuna_170_grams_4,meatless_burgers_226_grams_5,milk_1_litre_4,milk_2_litres_4,milk_4_litres_4,soy_milk_1_89_litres_5,nut_milk_1_89_litres_5,cream_1_litre_4,butter_454_grams_4,margarine_907_grams_5,block_cheese_500_grams_5,yogurt_500_grams_5,eggs_1_dozen_4,apples_per_kilogram_4,oranges_per_kilogram_4,oranges_1_36_kilograms_4_5,bananas_per_kilogram_4,pears_per_kilogram_4,lemons_unit_4,limes_unit_4,grapes_per_kilogram_4,cantaloupe_unit_4,strawberries_454_grams_5,avocado_unit_4,potatoes_4_54_kilograms_4,potatoes_per_kilogram_4,sweet_potatoes_per_kilogram_4,tomatoes_per_kilogram_4,cabbage_per_kilogram_4,carrots_1_36_kilograms_5,onions_per_kilogram_4,onions_1_36_kilograms_5,celery_unit_4,cucumber_unit_4,mushrooms_227_grams_5,iceberg_lettuce_unit_4,romaine_lettuce_unit_4,broccoli_unit_4,peppers_per_kilogram_4,squash_per_kilogram_4,salad_greens_142_grams_5,frozen_french_fried_potatoes_750_grams_5,frozen_green_beans_750_grams_5,frozen_broccoli_500_grams_4,frozen_corn_750_grams_5,frozen_mixed_vegetables_750_grams_5,frozen_peas_750_grams_5,frozen_pizza_390_grams_5,frozen_spinach_300_grams_5,frozen_strawberries_600_grams_4,white_bread_675_grams_5,flatbread_and_pita_500_grams_5,crackers_and_crisp_breads_200_grams_4,cookies_and_sweet_biscuits_300_grams_5,dry_or_fresh_pasta_500_grams_5,brown_rice_900_grams_5,white_rice_2_kilograms_5,cereal_400_grams_5,wheat_flour_2_5_kilograms_5,white_sugar_2_kilograms_5,apple_juice_2_litres_5,orange_juice_2_litres_5,roasted_or_ground_coffee_340_grams_5,tea_20_bags_4,ketchup_1_litre_5,vegetable_oil_3_litres_5,canola_oil_3_litres_5,olive_oil_1_litre_5,baby_food_128_millilitres_5,infant_formula_900_grams_5,peanut_butter_1_kilogram_5,mayonnaise_890_millilitres_5,canned_baked_beans_398_millilitres_5,canned_tomatoes_796_millilitres_5,canned_soup_284_millilitres_5,canned_beans_and_lentils_540_millilitres_4,canned_corn_341_millilitres_5,canned_peach_398_millilitres_5,canned_pear_398_millilitres_5,dried_lentils_900_grams_5,dry_beans_and_legumes_900_grams_5,tofu_350_grams_5,hummus_227_grams_5,salsa_418_millilitres_5,pasta_sauce_650_millilitres_5,salad_dressing_475_millilitres_5,almonds_200_grams_5,peanuts_450_grams_5,sunflower_seeds_400_grams_5,deodorant_85_grams_5,toothpaste_100_millilitres_5,shampoo_400_millilitres_5,laundry_detergent_4_43_litres_5,Year,Month,Date,CPI,Wage,CPI_Percentage,Average_Price,Time,Affordability
January 2017,12.66,21.94,13.44,20.17,9.12,7.34,7.37,4.76,5.15,11.38,8.93,5.99,5.03,3.12,24.83,6.59,3.03,1.44,4.19,2.17,4.04,5.13,3.71,3.79,3.35,4.10,4.23,5.82,2.48,3.01,3.75,2.71,3.95,1.58,3.58,0.88,0.42,7.22,2.97,3.26,1.51,4.20,2.99,2.85,4.48,1.78,2.46,3.11,2.76,2.21,1.67,1.72,1.73,2.09,2.02,6.23,3.42,3.50,2.10,2.95,3.04,2.81,3.08,2.90,4.10,1.52,4.36,2.78,2.75,2.29,2.32,2.36,4.27,6.94,3.09,4.67,2.12,2.80,3.60,4.59,3.42,3.12,5.67,6.60,9.00,1.19,27.22,3.88,4.23,1.16,1.26,0.88,1.11,1.07,1.96,1.95,2.87,2.63,2.07,3.41,3.14,2.07,2.39,3.74,3.49,3.80,4.71,2.43,4.94,13.27,2017,1,2017-01-01,129,26.82,0,123.05000000000001,0,0.2179601787891101
February 2017,13.12,22.51,12.80,20.13,9.48,7.16,7.28,5.41,4.99,11.22,9.15,5.95,5.37,3.23,24.66,6.79,2.66,1.48,4.16,2.34,4.03,5.15,3.77,3.84,3.37,4.15,3.91,5.94,2.57,3.04,3.80,2.96,4.16,1.59,3.77,0.88,0.48,5.85,2.54,3.03,1.52,4.00,2.96,2.95,4.19,1.84,2.68,3.27,2.90,2.09,1.65,1.73,1.71,2.14,2.46,5.73,3.44,3.69,2.10,3.00,3.08,2.88,3.16,2.96,3.78,1.50,4.70,2.85,2.80,2.44,2.39,2.27,4.27,7.09,3.03,4.47,2.38,2.77,3.61,4.95,3.24,3.14,5.46,7.03,6.99,1.23,27.11,4.37,4.27,1.19,1.25,0.89,1.09,1.09,1.82,1.86,2.97,2.72,2.05,3.29,3.04,2.02,2.44,4.45,3.53,3.78,4.47,2.78,4.88,13.05,2017,2,2017-02-01,129.2,26.82,0.15503875968991368,121.72,31,0.22034176799211305
March 2017,13.51,23.23,13.96,22.95,9.34,7.26,7.31,5.70,5.45,11.19,8.59,5.62,5.74,2.84,24.30,7.07,2.88,1.51,4.01,2.23,4.05,5.15,3.91,3.98,3.42,4.49,4.10,5.87,2.65,3.06,3.82,3.07,4.07,1.59,3.89,0.88,0.52,5.74,2.24,2.95,1.66,4.15,2.97,2.89,3.83,1.88,2.82,3.27,2.93,2.14,1.26,1.66,2.02,2.42,2.29,5.99,3.39,3.66,2.04,3.16,3.04,2.79,3.16,2.84,3.83,1.47,4.48,2.81,2.62,2.47,2.37,2.36,4.31,7.13,3.16,4.61,2.31,2.80,3.57,5.23,3.29,3.16,5.45,7.17,8.04,1.29,27.09,3.97,4.23,1.18,1.35,0.98,1.12,1.10,2.00,2.09,2.99,2.75,2.05,3.36,3.09,1.96,2.39,4.57,3.52,3.81,4.66,2.61,4.99,13.40,2017,3,2017-03-01,129.4,26.82,0.3100775193798494,124.07000000000001,59,0.2161682920931732
April 2017,13.29,19.59,12.40,17.47,9.79,7.88,7.77,6.21,5.59,11.37,9.50,6.26,5.57,3.04,23.11,6.51,3.22,1.52,4.11,2.33,4.05,5.12,3.82,3.96,3.20,4.20,4.36,5.47,2.66,3.09,3.92,3.28,4.37,1.60,3.93,0.85,0.54,6.33,2.44,2.97,1.92,3.99,3.03,2.64,3.34,1.96,2.91,3.21,2.96,2.18,1.14,1.64,2.43,3.20,2.91,6.04,3.40,3.72,2.09,2.96,2.73,2.52,2.91,2.57,4.08,1.41,4.56,2.75,2.52,2.36,2.40,2.39,4.34,7.08,3.25,4.54,2.32,2.82,3.56,4.95,3.40,3.19,5.96,7.33,8.53,1.36,27.20,4.04,4.29,1.22,1.30,1.00,1.13,1.01,2.05,1.98,3.11,2.85,1.99,3.30,3.19,2.15,2.44,4.42,3.44,3.74,4.83,2.73,5.17,11.45,2017,4,2017-04-01,129.9,26.82,0.6976744186046556,123.01000000000002,90,0.21803105438582226
May 2017,14.08,23.04,16.91,18.80,9.47,8.79,8.30,6.90,5.14,11.57,9.46,6.60,5.50,2.96,24.02,7.04,3.32,1.53,4.12,2.34,4.04,5.12,3.75,3.93,3.46,4.37,4.47,5.92,2.65,3.11,3.88,3.49,4.81,1.60,4.04,0.91,0.52,7.17,2.36,2.93,2.14,4.28,3.14,3.25,3.13,2.31,3.23,3.38,3.10,2.86,1.13,1.77,2.37,2.78,2.89,6.16,3.87,3.85,2.12,3.23,3.08,2.89,3.13,2.92,4.11,1.49,4.47,2.87,2.72,2.41,2.37,2.38,4.38,7.02,3.18,4.65,2.56,2.80,3.58,4.71,3.34,3.09,5.82,6.95,8.91,1.36,27.23,4.20,4.18,1.21,1.31,1.15,1.12,1.00,2.08,1.86,3.12,2.88,1.98,3.39,3.14,2.11,2.36,4.32,3.37,3.66,4.80,2.63,5.15,12.43,2017,5,2017-05-01,129.9,26.82,0.6976744186046556,125.98999999999998,120,0.21287403762203352
June 2017,14.10,23.34,15.70,21.36,9.18,7.57,7.80,7.16,5.58,11.31,8.73,5.20,5.39,2.91,23.85,7.23,2.72,1.60,4.21,2.34,4.04,5.11,3.80,3.89,3.35,4.18,4.18,5.81,2.56,3.15,4.28,4.02,5.51,1.59,4.11,0.97,0.45,4.68,2.87,2.85,2.11,4.75,3.35,3.56,3.35,2.51,3.40,3.47,3.32,3.32,1.19,1.78,1.99,1.85,2.94,6.49,4.26,3.85,2.08,3.30,3.06,2.88,3.11,2.89,4.02,1.52,4.71,2.91,2.74,2.32,2.30,2.41,4.40,7.08,3.17,4.44,2.02,2.89,3.58,5.17,3.42,2.99,5.50,7.21,8.71,1.32,27.92,3.67,4.14,1.18,1.40,1.17,1.13,1.08,2.02,1.99,3.02,2.87,1.98,3.38,3.13,2.12,2.27,4.07,3.33,3.73,4.81,2.86,5.00,12.78,2017,6,2017-06-01,129.9,26.82,0.6976744186046556,127.67999999999996,151,0.21005639097744366
July 2017,14.44,23.83,15.69,21.17,10.03,8.11,8.12,7.67,5.94,12.14,8.65,5.62,5.61,3.07,22.55,7.22,3.18,1.57,4.21,2.35,4.02,5.11,3.90,3.90,3.52,3.87,4.10,5.85,2.65,3.12,4.20,3.28,4.69,1.58,4.00,0.87,0.43,5.49,3.18,2.75,2.01,5.07,3.41,3.47,3.13,2.06,3.28,3.56,3.49,2.53,1.13,1.74,1.59,1.39,2.08,6.18,4.18,3.96,2.10,3.37,3.28,2.96,3.27,2.97,4.10,1.50,4.47,2.89,2.79,2.40,2.47,2.36,4.38,7.15,3.25,4.66,2.45,2.84,3.58,4.74,3.46,3.01,4.62,7.21,8.74,1.25,27.71,4.11,4.19,1.22,1.37,1.03,1.14,1.02,2.07,2.08,3.13,2.91,2.02,3.29,3.15,2.06,2.30,4.45,3.41,3.77,4.69,2.76,5.03,12.51,2017,7,2017-07-01,129.9,26.82,0.6976744186046556,126.31,181,0.21233473200855038
August 2017,14.35,20.63,15.80,21.30,9.79,8.14,7.98,6.72,6.21,11.94,9.15,5.69,6.23,2.90,20.35,7.38,3.16,1.58,4.16,2.35,4.03,5.11,3.79,3.86,3.47,4.29,4.35,5.99,2.65,3.11,4.24,3.19,4.48,1.58,3.99,0.82,0.47,5.16,2.11,2.92,2.02,4.55,3.26,3.55,3.10,1.83,2.86,3.62,3.40,1.78,1.07,1.81,1.50,1.32,1.72,5.21,4.00,4.07,2.13,3.37,3.21,2.94,3.20,2.96,3.89,1.53,4.61,2.90,2.83,2.36,2.37,2.36,4.39,7.08,3.18,4.70,2.55,2.86,3.64,5.02,3.46,3.09,6.09,7.30,8.96,1.29,27.40,3.88,4.24,1.19,1.26,0.88,1.10,0.96,2.04,2.05,3.05,2.85,2.01,3.34,3.20,2.09,2.37,4.40,3.34,3.81,4.66,2.71,5.03,11.74,2017,8,2017-08-01,129.9,26.82,0.6976744186046556,123.06999999999996,212,0.21792475826765262
September 2017,13.62,23.23,15.09,20.40,9.61,7.15,8.66,6.17,5.76,12.75,9.47,6.25,5.77,3.13,22.67,7.18,3.25,1.60,4.20,2.35,4.02,5.12,3.75,3.82,3.45,3.78,4.51,5.70,2.56,3.11,3.68,3.09,4.32,1.58,3.51,0.75,0.44,4.62,2.29,3.08,1.91,3.72,3.08,3.26,3.08,1.61,2.66,3.56,3.36,1.51,1.19,1.64,1.38,1.39,1.56,4.02,2.63,4.08,2.11,3.11,2.94,2.61,3.02,2.66,3.99,1.53,4.39,2.80,2.80,2.35,2.34,2.41,4.33,7.09,3.10,4.45,2.08,2.69,3.63,4.83,3.27,3.13,5.73,6.95,8.38,1.30,27.83,3.93,4.41,1.22,1.35,0.94,1.15,1.07,2.00,1.94,3.06,2.80,1.97,3.37,3.23,2.14,2.46,4.62,3.51,4.04,4.54,2.69,5.02,12.91,2017,9,2017-09-01,130.2,26.82,0.930232558139526,119.89999999999995,243,0.22368640533778159
October 2017,13.41,17.00,16.05,15.10,9.13,7.84,6.87,4.85,5.81,12.20,8.77,5.75,5.62,3.11,19.82,6.93,3.37,1.58,4.22,2.35,4.03,5.13,3.74,3.78,3.27,3.86,4.53,5.56,2.63,3.13,3.37,2.92,4.21,1.59,3.44,0.74,0.41,4.94,2.37,2.93,1.76,3.60,3.03,2.67,3.23,1.59,2.49,3.59,3.14,1.55,1.36,1.67,1.86,1.69,1.69,4.97,2.38,4.01,2.13,3.04,3.06,2.60,2.97,2.66,3.93,1.49,4.32,2.84,2.73,2.37,2.45,2.28,4.33,7.20,3.20,4.60,2.29,2.87,3.48,4.84,3.38,3.19,5.96,6.92,7.24,1.28,27.94,4.25,4.18,1.24,1.31,0.97,1.14,1.03,2.17,2.11,3.06,2.85,2.03,3.36,3.11,2.11,2.43,4.64,3.58,4.01,4.78,2.75,5.00,11.68,2017,10,2017-10-01,130.3,26.82,1.007751937984505,117.07000000000002,273,0.2290937046211668
November 2017,13.35,18.14,13.53,22.51,9.36,7.96,7.35,4.06,5.11,12.68,9.02,5.73,5.39,3.06,21.07,7.14,3.14,1.62,4.25,2.34,4.01,5.14,3.75,3.84,3.48,3.97,4.18,5.78,2.60,3.24,3.57,3.42,4.68,1.58,3.65,0.87,0.41,5.26,2.78,4.22,1.42,3.78,3.26,3.06,3.95,1.53,2.21,3.62,2.95,2.16,1.63,1.74,2.00,2.22,2.45,6.53,2.55,4.03,2.14,3.16,2.98,2.77,3.04,2.82,3.84,1.48,4.41,2.77,2.80,2.38,2.49,2.33,4.34,7.25,3.12,4.22,2.07,2.74,3.50,4.83,3.22,3.21,5.81,6.94,7.48,1.27,27.73,4.55,4.30,1.26,1.36,1.01,1.14,1.08,2.02,2.10,3.13,2.83,2.01,3.28,3.12,2.11,2.43,4.50,3.24,3.98,4.63,2.71,5.15,12.75,2017,11,2017-11-01,130.8,26.82,1.3953488372093112,123.51,304,0.2171484090357056
December 2017,13.90,18.07,10.40,14.96,9.06,8.11,9.63,4.22,5.13,12.23,8.60,5.98,5.29,3.17,20.19,7.29,3.25,1.81,4.30,2.36,4.03,5.14,3.81,3.89,3.25,4.02,4.16,5.42,2.59,3.15,3.95,3.36,4.69,1.58,3.92,0.96,0.48,6.59,2.61,3.72,1.63,3.72,3.29,2.51,5.30,1.67,2.54,3.71,3.05,2.31,1.74,1.79,1.89,2.22,2.41,7.52,3.12,4.00,2.14,2.95,2.97,2.51,2.93,2.57,3.94,1.60,4.12,2.93,2.79,2.15,2.32,2.42,4.34,7.28,3.15,4.48,2.32,2.88,3.44,5.12,3.37,3.30,6.11,7.06,7.41,1.28,27.52,4.29,4.39,1.27,1.42,1.13,1.16,1.01,2.00,2.05,2.98,2.74,2.05,3.22,3.06,2.16,2.41,4.45,3.32,4.02,4.84,2.85,5.11,11.65,2017,12,2017-12-01,130.2,26.82,0.930232558139526,125.01,334,0.21454283657307416
January 2018,12.97,16.62,14.25,20.95,9.11,7.05,7.71,4.50,5.60,12.25,8.27,5.49,5.79,2.93,21.64,6.90,3.26,1.63,4.25,2.35,4.04,5.13,3.66,3.72,3.52,4.17,4.24,5.72,2.52,3.20,3.98,2.91,4.23,1.60,4.01,1.00,0.47,6.73,2.72,3.75,1.48,3.92,3.35,3.01,5.55,1.81,2.57,3.63,3.10,2.31,1.74,1.71,1.96,2.21,2.42,7.21,3.61,3.94,2.06,3.24,3.14,2.83,3.04,2.86,3.78,1.53,4.32,2.83,2.76,2.40,2.38,2.27,4.31,7.27,3.04,4.63,2.16,2.74,3.57,4.95,3.45,3.26,5.79,6.34,9.04,1.27,27.79,3.90,4.31,1.18,1.29,1.03,1.13,1.09,2.05,2.03,3.09,2.85,2.03,3.27,3.03,2.10,2.55,4.32,3.38,4.03,4.79,2.71,5.11,13.51,2018,1,2018-01-01,131.1,27.57,1.6279069767441816,128.17999999999998,365,0.21508815727882669
February 2018,12.61,20.00,15.28,22.52,9.41,6.83,8.69,4.52,5.19,11.77,8.58,5.73,5.48,2.94,21.48,7.09,2.88,1.76,4.23,2.36,4.05,5.15,3.75,3.81,3.59,4.14,4.10,5.88,2.56,3.26,3.93,3.24,4.67,1.61,3.83,0.98,0.49,5.24,2.04,2.75,1.53,4.03,3.36,3.30,4.50,1.97,2.74,3.70,3.05,2.20,1.61,1.75,1.89,2.27,2.11,6.30,3.82,3.88,2.08,3.19,2.97,2.80,3.05,2.86,3.89,1.58,4.12,2.79,2.55,2.46,2.45,2.25,4.35,7.31,3.11,4.54,2.33,2.71,3.49,5.21,3.47,3.33,5.84,6.82,7.08,1.27,26.89,3.44,4.41,1.19,1.30,0.84,1.14,1.08,2.19,2.12,3.04,2.85,2.12,3.30,3.04,1.91,2.55,4.71,3.30,3.99,4.70,2.68,4.98,12.22,2018,2,2018-02-01,131.9,27.57,2.2480620155038804,123.86999999999999,396,0.22257205134415115
March 2018,13.51,23.06,14.17,16.24,9.12,8.01,7.62,6.68,5.62,11.24,8.54,5.81,5.65,3.10,22.19,6.97,3.19,1.66,4.23,2.35,4.05,5.14,3.79,3.76,3.32,3.71,4.24,5.52,2.57,3.28,4.15,3.13,4.44,1.61,4.04,0.99,0.64,4.84,1.83,2.84,1.64,3.82,3.51,2.91,4.20,1.97,3.05,3.75,3.20,2.19,1.37,1.87,2.09,2.49,2.14,6.95,3.73,4.04,2.09,2.93,2.84,2.54,2.93,2.57,3.90,1.50,3.96,2.80,2.62,2.28,2.39,2.43,4.38,7.35,3.14,4.54,2.10,2.86,3.51,4.93,3.43,3.31,4.00,7.08,8.02,1.22,27.44,4.47,4.29,1.22,1.32,1.00,1.14,1.03,2.19,2.14,3.00,2.77,2.15,3.33,3.13,2.09,2.42,4.63,3.40,4.04,4.78,2.69,4.93,13.03,2018,3,2018-03-01,132.2,27.57,2.4806201550387508,124.72000000000001,424,0.22105516356638868
April 2018,13.69,18.22,14.60,18.81,9.09,8.21,7.91,5.31,5.48,11.68,8.67,5.68,5.67,3.04,23.16,7.00,3.15,1.59,4.21,2.35,4.05,5.14,3.79,3.83,3.40,4.05,4.59,5.86,2.59,3.27,4.11,2.99,4.28,1.61,4.06,1.02,0.66,5.83,2.41,3.33,1.60,3.92,3.57,3.18,3.59,2.08,3.26,3.65,3.13,2.27,1.14,1.88,2.09,2.59,2.23,6.39,3.69,3.89,2.19,3.12,3.08,2.79,3.08,2.81,3.86,1.48,3.98,2.76,2.63,2.52,2.49,2.29,4.41,7.34,3.15,4.77,2.38,2.82,3.50,5.22,3.55,3.26,5.99,6.51,8.50,1.27,27.24,4.51,4.29,1.24,1.26,0.97,1.14,1.07,2.15,2.13,3.09,2.83,2.17,3.32,3.16,2.10,2.35,5.08,3.46,3.97,4.78,2.71,4.84,12.28,2018,4,2018-04-01,132.6,27.57,2.7906976744186003,124.81000000000002,455,0.2208957615575675
May 2018,13.84,19.07,14.97,20.86,9.51,7.76,8.07,3.64,5.13,11.63,8.46,5.63,5.52,3.21,23.82,7.44,3.22,1.70,4.24,2.36,4.05,5.15,3.69,3.77,3.47,4.07,4.44,5.89,2.56,3.12,4.10,3.23,4.58,1.62,4.10,0.94,0.56,6.04,2.41,2.55,1.64,4.12,3.60,3.44,3.21,2.16,3.33,3.61,3.15,2.46,1.23,1.91,2.09,2.50,2.48,6.83,4.04,4.00,2.16,3.07,2.98,2.81,3.01,2.83,4.01,1.53,4.16,2.84,2.74,2.33,2.48,2.38,4.41,7.28,3.13,4.83,2.06,2.81,3.49,4.94,3.49,3.28,6.12,6.77,8.05,1.29,27.92,4.49,4.28,1.20,1.33,1.28,1.12,1.08,2.22,2.17,2.98,2.77,2.16,3.41,3.19,2.11,2.29,4.98,3.44,3.90,4.88,2.77,5.03,12.89,2018,5,2018-05-01,132.7,27.57,2.868217054263557,125.80999999999997,485,0.21913997297512125
June 2018,13.90,20.39,14.57,18.59,8.95,7.39,7.89,6.85,5.19,11.72,8.53,5.59,5.30,3.10,23.80,7.49,3.35,1.73,4.35,2.37,4.05,5.11,3.71,3.81,3.38,4.02,4.43,5.85,2.58,3.39,4.37,3.63,5.04,1.62,4.14,0.86,0.49,5.63,3.18,2.51,1.77,4.88,3.67,3.51,3.39,2.28,3.53,3.60,3.36,2.53,1.24,1.95,1.95,1.90,2.78,7.04,4.17,3.81,2.14,3.13,2.98,2.88,3.08,2.88,4.05,1.52,4.17,2.87,2.78,2.36,2.52,2.30,4.35,7.21,3.21,4.63,2.05,2.78,3.45,5.00,3.59,3.27,5.90,6.87,7.56,1.26,28.13,4.76,4.23,1.17,1.29,1.05,1.12,1.10,2.23,2.15,2.98,2.73,2.26,3.36,3.11,1.98,2.31,4.86,3.37,3.91,4.78,2.63,5.12,11.86,2018,6,2018-06-01,132.9,27.57,3.023255813953493,125.38000000000001,516,0.21989152974956133
July 2018,13.40,21.00,17.23,21.50,9.48,7.77,7.53,5.73,5.22,11.95,8.45,5.63,5.64,3.15,23.85,7.65,3.12,1.65,4.29,2.39,4.05,5.11,3.76,3.88,3.55,3.88,4.55,5.80,2.65,3.13,4.31,3.22,4.62,1.61,4.01,0.81,0.47,6.51,2.98,2.70,1.79,5.04,3.69,3.71,3.39,2.07,3.46,3.77,3.67,2.42,1.24,1.89,1.75,1.54,2.28,7.08,4.08,3.91,2.15,3.21,3.18,2.93,3.12,2.92,3.95,1.57,4.20,2.80,2.80,2.43,2.54,2.36,4.35,7.41,3.23,4.72,2.43,2.85,3.49,5.09,3.66,3.26,6.01,6.94,8.36,1.26,27.58,4.43,4.30,1.22,1.29,0.86,1.13,0.94,2.24,2.16,3.10,2.80,2.27,3.44,3.08,2.10,2.37,5.11,3.52,3.91,4.91,2.89,5.14,12.17,2018,7,2018-07-01,133.6,27.57,3.5658914728682127,126.76,546,0.21749763332281477
August 2018,13.71,19.47,13.67,19.87,9.07,7.55,7.96,6.20,5.44,11.60,9.55,6.08,6.18,3.00,22.78,7.56,3.07,1.66,4.23,2.40,4.11,5.13,3.67,3.78,3.63,4.10,4.58,5.86,2.58,3.36,4.50,3.34,4.71,1.62,4.43,0.84,0.49,5.30,1.94,2.88,1.83,4.85,3.75,3.83,3.27,2.07,3.11,3.84,3.59,1.92,1.21,1.99,1.74,1.50,2.05,5.71,3.85,4.00,2.16,3.10,3.02,2.87,3.05,2.89,3.99,1.45,4.23,2.85,2.79,2.39,2.51,2.28,4.32,7.27,3.10,4.79,2.37,2.83,3.60,5.20,3.51,3.34,6.19,6.83,8.50,1.29,28.35,4.65,4.42,1.12,1.34,0.96,1.14,1.07,2.24,2.05,3.08,2.81,2.27,3.31,3.19,2.16,2.36,5.23,3.42,4.01,4.77,2.59,5.06,12.36,2018,8,2018-08-01,133.5,27.57,3.488372093023256,124.31999999999998,577,0.2217664092664093
September 2018,13.38,21.90,13.74,20.25,9.12,8.09,6.98,6.58,5.86,12.57,9.45,6.30,6.12,3.05,23.30,7.46,3.08,1.73,4.39,2.43,4.17,5.32,3.69,3.74,3.61,3.73,4.26,5.87,2.59,3.29,3.78,3.05,4.26,1.60,3.89,0.80,0.45,4.50,2.36,3.15,1.78,3.79,3.62,3.48,3.36,1.87,2.71,3.65,3.27,1.73,1.41,1.85,1.72,1.70,1.79,4.25,2.78,4.05,2.14,3.07,2.90,2.70,2.97,2.74,3.77,1.42,4.25,2.73,2.91,2.39,2.52,2.42,4.26,7.28,3.14,4.63,2.15,2.83,3.54,5.01,3.44,3.31,6.30,6.95,7.33,1.26,28.65,4.32,4.47,1.19,1.29,0.88,1.15,1.05,2.27,2.05,3.04,2.78,2.26,3.42,3.31,2.13,2.38,5.23,3.44,4.08,4.84,2.83,4.83,11.89,2018,9,2018-09-01,133,27.57,3.10077519379845,118.99,608,0.23170014286914867
October 2018,12.65,19.94,14.41,16.71,9.46,7.56,7.55,4.80,5.48,11.71,9.57,6.45,5.77,3.04,23.44,7.08,3.24,1.61,4.52,2.43,4.18,5.31,3.72,3.70,3.67,4.11,4.45,5.58,2.67,3.23,3.33,3.38,4.74,1.61,3.93,0.82,0.43,4.93,2.59,3.19,1.62,3.60,3.58,3.05,3.80,1.96,2.40,3.62,3.11,1.91,1.76,1.84,1.85,2.14,2.05,6.33,2.66,4.03,2.18,3.08,3.00,2.72,3.03,2.76,4.13,1.42,4.33,2.77,2.74,2.47,2.64,2.37,4.26,7.46,3.11,4.64,1.92,2.85,3.58,5.14,3.40,3.22,5.97,6.97,7.30,1.27,29.02,4.42,4.38,1.20,1.36,1.01,1.20,1.05,2.17,2.08,3.10,2.84,2.26,3.36,3.17,2.18,2.36,5.08,3.42,4.04,4.84,2.80,5.08,12.02,2018,10,2018-10-01,133.4,27.57,3.410852713178299,121.90999999999997,638,0.2261504388483308
November 2018,12.04,18.85,13.90,23.19,8.89,7.50,8.62,4.84,5.17,12.73,10.11,6.80,5.88,3.00,24.86,7.29,3.51,1.75,4.59,2.47,4.17,5.29,3.77,3.73,3.58,3.92,4.22,5.60,2.62,3.42,3.86,3.78,5.19,1.61,3.98,0.84,0.46,4.72,3.25,4.01,1.64,4.05,3.52,3.46,4.79,1.98,2.53,3.72,3.16,2.45,1.86,1.93,2.55,2.60,2.64,7.65,2.92,4.10,2.17,3.25,3.00,2.89,3.14,2.91,3.95,1.55,4.38,2.80,2.85,2.42,2.69,2.26,4.29,7.44,3.14,4.35,2.03,2.85,3.56,5.09,3.23,3.34,6.22,6.94,7.52,1.29,29.88,4.55,4.45,1.08,1.35,0.99,1.19,1.07,2.10,2.06,3.07,2.84,2.25,3.39,3.09,2.17,2.55,4.66,3.23,4.10,4.72,2.86,5.21,12.59,2018,11,2018-11-01,132.8,27.57,2.945736434108536,127.9,669,0.2155590304925723
December 2018,13.71,14.08,12.53,18.79,8.44,8.47,9.22,7.23,5.93,11.19,10.05,6.57,5.81,3.13,22.63,7.19,3.77,1.81,4.52,2.48,4.18,5.31,3.93,3.82,3.59,4.03,4.20,5.36,2.61,3.42,4.47,3.48,4.84,1.61,3.95,0.83,0.52,5.69,3.19,6.06,1.73,4.19,3.63,2.74,6.04,2.31,2.64,3.84,3.22,3.02,1.93,1.90,3.57,3.31,2.97,8.12,3.47,4.27,2.22,3.05,2.73,2.62,2.90,2.66,3.95,1.64,4.12,2.85,2.86,2.26,2.68,2.44,4.17,7.34,3.28,4.50,2.28,2.85,3.48,5.09,3.32,3.41,6.37,7.07,7.15,1.32,29.71,4.58,4.30,1.16,1.40,1.15,1.19,1.01,2.16,2.13,3.10,2.83,2.18,3.29,3.07,2.35,2.38,4.63,3.07,4.07,4.78,2.82,5.32,11.93,2018,12,2018-12-01,132.8,27.57,2.945736434108536,128.20000000000002,699,0.21505460218408734
January 2019,13.71,19.79,14.35,21.68,8.80,7.75,7.16,4.93,5.75,11.97,9.02,6.08,6.28,3.06,25.76,7.04,3.77,1.70,4.45,2.47,4.20,5.29,3.68,3.65,3.65,4.40,4.33,5.85,2.70,3.30,4.36,3.23,4.66,1.62,3.81,0.80,0.47,6.02,2.80,4.98,1.70,5.07,3.63,3.29,5.86,2.52,2.89,3.76,3.43,3.00,1.91,1.84,2.62,2.77,2.71,8.06,4.05,4.00,2.24,3.35,3.14,2.97,3.12,2.98,4.13,1.56,4.19,2.90,2.90,2.55,2.73,2.34,4.25,7.54,3.11,4.83,2.18,2.77,3.65,5.31,3.39,3.39,4.45,6.90,8.50,1.33,29.86,4.60,4.48,1.19,1.33,1.07,1.19,1.10,2.15,2.07,3.17,2.94,2.26,3.32,3.10,2.16,2.61,5.14,3.11,4.01,4.92,2.77,5.27,13.54,2019,1,2019-01-01,133,28.32,3.10077519379845,133.91,730,0.2114853259652005
February 2019,13.32,19.08,14.59,23.15,9.04,8.45,8.06,3.87,5.19,11.24,9.60,6.29,5.78,2.97,24.53,7.02,4.35,1.65,4.34,2.47,4.17,5.29,3.82,3.80,3.75,4.16,4.43,5.72,2.70,3.38,4.31,3.22,4.33,1.62,3.85,0.75,0.47,6.62,2.73,3.47,1.67,4.42,3.72,3.44,4.95,2.60,2.96,3.81,3.50,3.35,1.87,1.87,2.16,2.66,2.49,7.27,4.28,3.94,2.22,3.25,2.94,2.84,3.02,2.86,4.14,1.54,4.32,2.83,2.83,2.49,2.70,2.37,4.26,7.54,3.19,4.73,1.70,2.83,3.76,5.14,3.39,3.40,6.35,7.28,7.12,1.33,29.41,4.65,4.49,1.21,1.38,0.86,1.18,1.12,1.68,2.03,3.15,2.94,2.22,3.37,3.11,2.00,2.62,5.10,3.11,4.01,4.88,2.72,5.12,12.37,2019,2,2019-02-01,133.9,28.32,3.798449612403105,128.29,761,0.22074986359030324
March 2019,13.40,21.56,17.66,22.34,8.72,7.50,8.38,5.95,5.23,11.46,9.30,6.18,5.55,3.22,25.67,6.93,4.51,1.70,4.44,2.45,4.15,5.25,3.87,3.84,3.61,4.41,4.35,5.97,2.69,3.32,4.86,3.46,4.42,1.62,4.25,0.78,0.56,5.80,2.74,3.03,1.67,4.56,3.91,3.82,4.48,2.72,3.18,4.10,3.76,3.98,1.37,1.94,2.69,2.87,2.65,8.44,4.21,4.16,2.23,3.34,3.16,2.94,3.17,2.98,4.14,1.48,4.32,2.84,2.80,2.36,2.56,2.34,4.34,7.58,3.19,4.73,2.26,2.74,3.70,4.88,3.38,3.18,4.28,7.08,7.73,1.31,29.92,4.66,4.33,1.24,1.40,1.01,1.20,1.14,1.96,2.04,3.07,2.82,2.23,3.41,3.24,2.13,2.51,5.02,3.16,4.11,4.89,2.91,5.10,11.86,2019,3,2019-03-01,134.8,28.32,4.496124031007761,131.72000000000003,789,0.21500151837230486
April 2019,13.53,17.32,16.36,18.93,9.15,8.18,8.48,7.29,5.50,11.47,9.64,6.12,5.70,3.32,23.01,6.83,4.20,1.54,4.79,2.46,4.15,5.24,3.84,3.84,3.39,3.64,4.48,5.86,2.71,3.37,4.79,3.46,4.30,1.62,4.34,0.82,0.70,6.00,2.75,3.09,1.89,4.30,3.92,3.19,3.83,3.05,3.27,4.35,3.87,4.76,1.19,1.90,2.57,2.77,2.33,7.66,4.27,4.02,2.26,3.31,2.81,2.83,3.06,2.85,3.83,1.57,4.04,2.83,2.83,2.34,2.55,2.34,4.17,7.44,3.12,4.55,2.29,2.81,3.67,5.15,3.48,3.17,5.92,6.99,7.83,1.28,29.31,4.90,4.36,1.23,1.44,1.07,1.23,1.09,2.02,2.00,3.04,2.85,2.23,3.27,3.28,2.17,2.53,5.16,3.28,4.17,5.07,3.00,5.36,12.79,2019,4,2019-04-01,135.1,28.32,4.728682170542632,131.41,820,0.21550871318773307
May 2019,14.43,19.94,17.20,24.17,8.99,8.24,8.98,5.50,5.27,11.26,9.31,6.19,5.58,3.11,25.47,7.12,4.54,1.62,6.41,2.45,4.15,5.24,3.89,3.85,3.58,4.10,4.40,6.02,2.62,3.41,5.03,3.69,4.24,1.62,4.23,0.81,0.65,6.92,2.91,2.62,2.11,5.15,4.05,4.02,3.57,3.21,3.81,4.53,4.21,5.18,1.25,1.91,2.60,2.85,2.62,7.45,4.71,4.05,2.31,3.40,3.21,3.02,3.08,3.00,4.11,1.51,4.40,2.86,2.85,2.57,2.58,2.49,4.33,7.51,3.16,4.71,2.30,2.73,3.70,5.26,3.43,3.15,5.63,6.95,7.57,1.29,29.14,4.78,4.33,1.16,1.35,1.33,1.19,1.15,2.12,2.06,3.08,2.84,2.22,3.28,3.21,2.22,2.44,5.20,3.19,4.11,5.02,2.86,5.07,12.19,2019,5,2019-05-01,135.8,28.32,5.271317829457374,133.35999999999999,850,0.21235752849430117
June 2019,14.76,20.72,16.00,21.08,9.31,9.03,8.81,6.29,5.24,11.80,9.11,5.75,5.86,3.24,24.40,7.18,4.47,1.81,5.91,2.49,4.19,5.20,3.90,3.87,3.61,4.13,4.46,5.95,2.66,3.47,5.16,3.78,4.84,1.62,4.46,0.80,0.58,5.57,3.55,3.33,2.19,5.54,4.09,4.02,3.51,3.37,3.86,4.65,4.34,5.22,1.24,2.07,2.30,2.19,3.05,7.74,4.67,3.99,2.25,3.37,3.17,3.04,3.12,3.04,4.21,1.54,4.37,2.94,2.79,2.45,2.62,2.44,4.24,7.44,3.16,4.71,2.09,2.74,3.63,5.20,3.48,3.22,5.75,7.29,8.24,1.35,29.29,4.89,4.17,1.20,1.38,1.15,1.19,1.12,2.10,2.10,3.10,2.87,2.21,3.26,3.24,2.26,2.39,5.12,3.18,4.14,4.84,2.84,5.11,12.26,2019,6,2019-06-01,135.5,28.32,5.038759689922481,135.39999999999998,881,0.20915805022156578
July 2019,14.39,20.32,14.01,20.79,9.04,7.98,8.76,8.48,5.43,12.41,8.95,5.81,5.82,3.26,23.43,7.11,4.41,1.61,6.06,2.49,4.20,5.18,3.88,3.94,3.77,4.04,4.46,6.03,2.66,3.31,4.96,3.29,4.46,1.60,4.08,0.80,0.46,4.92,2.46,3.18,2.07,5.72,4.04,4.05,3.66,2.84,3.64,4.61,4.61,3.53,1.26,2.00,1.87,1.80,2.29,7.98,4.29,4.02,2.21,3.33,3.20,3.04,3.11,3.01,3.97,1.61,4.21,2.88,2.83,2.53,2.79,2.44,4.31,7.43,3.22,4.65,2.32,2.83,3.72,5.28,3.50,3.23,5.94,6.98,8.31,1.37,28.98,4.59,4.34,1.24,1.36,0.99,1.18,1.14,2.11,2.02,2.99,2.82,2.19,3.33,3.26,2.17,2.36,5.21,3.37,4.17,5.02,2.92,5.19,12.81,2019,7,2019-07-01,136.3,28.32,5.65891472868218,133.64,911,0.2119126010176594
August 2019,14.23,19.11,13.23,23.60,9.59,8.98,8.60,8.27,5.23,11.73,8.76,5.68,5.84,3.28,22.81,7.15,4.30,1.68,5.95,2.50,4.20,5.21,3.82,3.86,3.78,4.16,4.58,5.86,2.61,3.35,5.00,3.28,4.47,1.61,4.30,0.82,0.52,5.08,2.31,2.98,2.03,4.89,4.23,4.24,3.61,2.37,3.19,4.56,4.13,2.19,1.42,2.11,1.96,1.89,2.07,5.97,4.26,4.04,2.27,3.24,3.03,2.99,3.12,2.98,4.06,1.52,4.28,2.90,2.81,2.46,2.65,2.38,4.36,7.44,3.07,4.66,2.14,2.84,3.76,5.34,3.41,3.29,6.06,7.17,8.73,1.31,29.11,4.79,4.45,1.26,1.39,0.89,1.20,1.14,2.13,2.05,3.00,2.77,2.21,3.33,3.35,2.29,2.51,5.34,3.35,4.10,4.92,2.81,5.02,11.88,2019,8,2019-08-01,136,28.32,5.426356589147287,128.41000000000003,942,0.220543571372946
September 2019,14.05,18.13,14.71,20.91,9.06,8.06,7.95,6.67,5.08,12.22,9.79,6.22,6.04,3.24,24.25,6.98,4.48,1.69,5.83,2.51,4.18,5.21,3.75,3.79,3.78,3.90,4.33,5.92,2.62,3.38,4.23,3.05,4.17,1.60,3.89,0.79,0.57,4.87,2.36,3.41,1.97,4.02,4.22,4.02,3.49,2.09,2.98,4.29,3.72,1.98,1.54,2.01,1.90,2.00,2.02,4.34,3.17,4.11,2.29,3.30,3.02,2.95,3.06,2.96,3.84,1.49,4.33,2.87,2.89,2.42,2.60,2.36,4.31,7.33,3.15,4.53,2.14,2.76,3.62,5.20,3.42,3.30,5.09,7.21,7.46,1.29,28.99,4.40,4.52,1.12,1.45,0.89,1.21,1.17,2.18,2.12,3.00,2.79,2.22,3.46,3.36,2.17,2.48,5.13,3.19,4.14,4.86,3.07,5.05,11.88,2019,9,2019-09-01,135.4,28.32,4.961240310077524,122.28,973,0.23159960745829244
October 2019,13.08,18.41,14.87,16.42,9.28,8.00,7.95,5.09,5.74,11.81,8.62,5.65,5.40,3.31,22.20,6.98,4.79,1.64,5.56,2.49,4.18,5.21,3.74,3.78,3.46,3.95,4.44,5.63,2.63,3.43,3.70,3.19,4.39,1.61,4.08,0.79,0.53,4.71,3.06,3.66,1.82,3.35,4.13,3.23,3.71,1.99,2.60,4.42,3.52,2.17,1.77,1.85,2.18,2.39,2.11,5.94,2.90,3.96,2.38,3.20,2.90,2.83,3.05,2.85,4.06,1.38,4.23,2.84,2.72,2.38,2.63,2.40,4.33,7.45,3.17,4.50,1.92,2.80,3.66,5.23,3.29,3.31,5.87,7.18,7.18,1.37,28.93,4.64,4.38,1.25,1.46,1.07,1.18,1.10,2.11,2.19,3.11,2.81,2.23,3.45,3.38,2.22,2.38,4.95,3.29,4.14,4.80,3.01,5.08,13.04,2019,10,2019-10-01,135.9,28.32,5.34883720930233,124.22000000000003,1003,0.22798261149573332
November 2019,14.48,17.42,14.72,22.78,9.69,7.56,8.53,6.64,4.96,12.21,10.17,6.29,5.88,3.24,25.07,6.93,4.61,1.58,5.51,2.49,4.19,5.22,3.77,3.78,3.62,3.83,4.10,5.87,2.57,3.50,4.13,3.45,4.69,1.60,4.24,0.87,0.52,5.39,3.54,4.79,1.75,3.96,4.07,3.50,4.67,1.95,2.50,4.26,3.30,2.74,1.88,1.88,2.82,2.94,2.58,7.09,2.82,3.99,2.34,3.33,3.04,2.97,3.17,2.96,4.05,1.53,4.40,2.83,2.90,2.35,2.63,2.39,4.46,7.77,3.15,4.43,2.09,2.89,3.55,5.05,3.36,3.23,6.13,6.82,7.77,1.30,29.47,4.44,4.33,1.09,1.38,1.01,1.20,1.19,1.97,2.09,3.07,2.80,2.26,3.40,3.31,2.17,2.44,4.93,2.99,4.12,4.89,3.09,5.16,10.62,2019,11,2019-11-01,135.7,28.32,5.193798449612394,127.78999999999999,1034,0.2216135847875421
December 2019,14.73,18.29,12.86,15.67,9.98,8.41,8.41,7.13,5.77,12.13,8.55,5.71,5.94,3.33,22.83,7.02,4.28,1.69,5.52,2.49,4.20,5.24,3.98,3.90,3.60,3.96,4.17,5.53,2.60,3.60,4.54,3.78,4.50,1.59,4.56,0.85,0.59,6.02,3.12,6.24,1.79,4.03,4.09,2.98,5.95,2.22,2.82,4.32,3.54,2.82,1.95,1.89,2.73,3.04,2.52,7.48,3.62,4.05,2.33,3.10,2.81,2.68,2.95,2.75,4.12,1.54,4.18,2.93,2.97,2.17,2.59,2.49,4.49,8.03,3.18,4.48,2.28,2.91,3.59,5.31,3.46,3.23,6.12,7.15,6.06,1.33,29.52,4.51,4.31,1.20,1.34,1.17,1.24,1.12,2.26,2.21,3.20,2.87,2.25,3.37,3.36,2.27,2.40,4.85,3.15,4.16,4.86,3.08,5.00,11.77,2019,12,2019-12-01,135.7,28.32,5.193798449612394,130.99000000000004,1064,0.21619970990151913
January 2020,13.91,20.08,15.29,23.02,9.56,7.95,8.89,5.31,5.50,11.91,9.86,5.93,5.79,3.35,24.10,7.14,4.43,1.62,4.87,2.51,4.21,5.26,3.84,3.82,3.71,4.15,4.36,5.87,2.63,3.45,4.28,3.52,4.15,1.60,4.18,0.83,0.56,6.03,2.71,4.51,1.74,4.76,3.85,3.67,6.70,2.28,2.86,4.00,3.44,2.83,1.94,1.93,2.54,2.96,2.40,7.39,4.19,4.04,2.30,3.36,2.98,2.98,3.18,3.01,3.92,1.65,4.21,2.93,2.94,2.38,2.59,2.35,4.60,8.14,3.09,4.67,2.27,2.82,3.74,5.32,3.44,3.33,4.25,6.66,7.81,1.32,29.20,4.63,4.49,1.19,1.39,1.17,1.23,1.20,2.19,2.19,3.30,3.02,2.20,3.36,3.26,2.16,2.51,5.25,3.27,4.05,5.19,2.98,5.37,12.59,2020,1,2020-01-01,136,30.03,5.426356589147287,133.94,1095,0.2242048678512767
February 2020,14.20,18.96,14.90,25.51,9.48,8.74,7.87,4.05,5.37,12.68,10.05,6.44,5.37,3.16,23.53,6.75,4.31,1.62,4.68,2.54,4.27,5.34,3.79,3.79,3.86,4.65,4.08,5.89,2.59,3.58,4.21,3.21,4.05,1.61,4.50,0.80,0.50,6.12,2.19,3.20,1.69,4.48,3.87,3.44,6.56,2.22,2.96,4.08,3.43,2.69,1.82,1.80,2.19,2.83,2.43,7.43,4.21,3.89,2.12,3.30,3.14,2.95,3.12,2.96,4.21,1.78,4.47,2.90,2.91,2.40,2.61,2.34,4.62,8.21,3.13,4.53,1.70,2.76,3.72,5.33,3.36,3.29,6.13,6.95,7.88,1.31,30.17,4.47,4.43,1.22,1.45,0.90,1.24,1.17,1.93,2.12,3.24,2.97,2.26,3.44,3.31,2.08,2.58,5.13,3.08,4.22,4.98,3.05,5.08,11.06,2020,2,2020-02-01,136.7,30.03,5.968992248062007,133.29,1126,0.2252982219221247
March 2020,15.22,20.92,16.57,22.23,10.10,8.45,8.87,6.94,5.65,13.44,8.69,5.78,5.77,3.52,24.68,6.94,4.51,1.86,5.46,2.56,4.34,5.39,3.88,3.93,3.85,4.56,4.44,6.11,2.70,3.53,4.61,3.58,4.25,1.61,4.51,0.80,0.61,5.34,2.18,3.32,1.79,4.91,4.08,3.93,6.38,2.08,3.02,4.17,3.45,2.67,1.43,2.07,2.39,2.95,2.25,7.59,4.38,4.03,2.40,3.47,3.35,3.08,3.26,3.07,4.06,1.80,4.55,2.90,2.92,2.31,2.57,2.36,4.76,8.10,3.27,4.74,2.28,2.89,3.83,5.47,3.55,3.26,6.17,7.55,7.82,1.35,29.97,4.80,4.53,1.28,1.61,1.10,1.32,1.23,2.38,2.42,3.18,2.92,2.29,3.49,3.39,2.43,2.59,5.34,3.18,4.23,5.26,3.14,5.25,12.94,2020,3,2020-03-01,135.8,30.03,5.271317829457374,138.37,1155,0.21702681217026812
April 2020,14.51,19.16,14.99,19.89,10.54,8.55,9.79,7.26,5.32,12.91,10.04,6.71,5.97,3.65,23.87,7.14,4.68,1.96,5.65,2.57,4.35,5.42,3.81,3.83,3.75,4.50,4.70,6.22,2.66,3.71,4.53,3.78,4.54,1.62,4.50,0.84,0.59,6.00,2.90,3.22,1.97,5.15,4.21,3.76,5.19,2.15,3.57,4.33,3.67,2.76,1.36,1.99,2.44,2.90,2.55,7.14,4.56,3.98,2.39,3.41,3.31,3.09,3.33,3.02,4.20,1.75,4.62,3.05,2.84,2.43,2.69,2.56,4.74,8.41,3.36,4.69,2.20,2.94,3.94,5.44,3.57,3.42,6.61,7.60,8.09,1.43,29.44,4.79,4.71,1.44,1.61,1.31,1.33,1.33,2.10,2.29,3.28,3.02,2.33,3.44,3.43,2.42,2.62,5.50,3.36,4.23,5.33,3.35,5.27,13.72,2020,4,2020-04-01,134.9,30.03,4.573643410852717,140.17,1186,0.21423985160876083
May 2020,17.36,23.63,19.59,22.94,11.79,9.24,9.25,5.32,5.44,11.04,9.14,6.36,5.67,3.59,24.96,7.22,4.48,1.84,5.50,2.56,4.40,5.36,3.96,3.87,3.72,4.41,4.33,6.21,2.68,3.70,4.66,3.92,4.99,1.61,4.54,0.83,0.57,6.59,3.13,2.97,1.99,5.05,4.39,4.14,4.76,2.48,3.81,4.22,3.86,2.72,1.31,2.27,2.31,2.76,2.62,7.58,4.63,4.05,2.36,3.43,3.31,3.15,3.36,3.13,4.44,1.51,4.62,2.96,2.86,2.46,2.82,2.73,4.84,8.43,3.28,5.36,2.09,2.85,4.00,5.42,3.68,3.21,5.70,7.58,7.38,1.33,29.56,4.78,4.36,1.39,1.64,1.21,1.32,1.44,2.16,2.49,3.21,3.04,2.48,3.33,3.49,2.50,2.43,5.52,3.24,4.24,5.17,3.30,5.37,12.76,2020,5,2020-05-01,135.2,30.03,4.806201550387588,138.25999999999996,1216,0.2171994792420079
June 2020,18.84,31.62,20.68,25.44,11.18,9.22,10.58,5.42,5.35,11.94,9.19,6.05,5.91,3.66,23.22,7.13,4.58,1.77,5.68,2.56,4.35,5.36,3.81,3.76,3.85,4.44,4.29,6.24,2.76,3.70,4.73,4.17,5.30,1.60,4.56,0.82,0.52,5.62,3.29,2.93,1.95,4.98,4.35,4.21,5.24,3.10,3.88,4.37,3.91,2.76,1.30,2.14,2.41,2.44,2.67,8.31,4.66,3.98,2.40,3.42,3.38,3.18,3.34,3.12,4.35,1.73,4.58,3.04,2.81,2.51,2.81,2.75,4.83,8.47,3.27,5.31,2.10,2.86,3.86,5.27,3.62,3.24,5.63,7.20,8.22,1.32,30.00,4.62,4.36,1.27,1.69,1.27,1.34,1.38,2.21,2.37,3.17,3.00,2.38,3.34,3.50,2.41,2.65,5.57,3.33,4.26,5.09,3.03,5.41,13.75,2020,6,2020-06-01,136.3,30.03,5.65891472868218,141.38,1247,0.21240628094497102
July 2020,17.71,24.03,16.97,23.75,10.19,8.22,10.20,5.12,5.75,12.11,10.04,6.62,6.09,3.54,22.87,6.99,4.81,1.74,5.59,2.57,4.35,5.33,3.80,3.76,3.77,4.02,4.31,6.14,2.69,3.77,4.81,3.97,5.20,1.59,4.69,0.80,0.52,5.24,3.36,3.70,1.97,4.64,4.39,4.19,5.60,2.77,3.72,4.36,4.01,2.63,1.42,2.26,1.92,1.93,2.44,8.45,4.48,3.99,2.30,3.34,3.51,3.19,3.33,3.11,4.24,1.66,4.26,3.00,2.89,2.42,2.70,2.48,4.77,8.45,3.36,5.08,2.10,2.85,3.87,5.57,3.60,3.22,6.23,7.24,7.52,1.36,29.55,4.69,4.49,1.27,1.68,1.21,1.35,1.43,1.83,2.40,3.01,2.83,2.34,3.44,3.50,2.36,2.57,5.63,3.36,4.17,5.21,3.22,5.23,13.76,2020,7,2020-07-01,136.4,30.03,5.736434108527136,138.63000000000002,1277,0.21661977926855655
August 2020,15.70,24.58,15.46,25.48,9.22,8.72,9.35,4.83,6.08,11.94,9.27,6.04,5.92,3.46,21.15,7.15,4.47,1.53,5.59,2.56,4.35,5.31,3.74,3.72,3.79,4.38,4.69,6.23,2.69,3.82,4.82,3.73,5.13,1.60,4.74,0.84,0.58,5.72,2.32,4.20,1.75,4.67,4.20,4.19,5.12,2.25,3.02,4.29,3.69,2.03,1.49,2.16,1.93,1.97,2.25,5.92,4.27,4.06,2.15,3.36,3.38,3.13,3.30,3.11,4.43,1.56,4.18,3.02,3.02,2.45,2.71,2.53,4.64,8.17,3.29,5.00,1.97,2.82,3.82,5.60,3.82,3.28,6.03,7.10,6.37,1.36,29.68,4.65,4.54,1.23,1.46,0.94,1.24,1.41,2.25,2.42,3.00,2.79,2.35,3.36,3.55,2.40,2.55,5.12,3.38,4.15,5.00,3.16,5.24,12.36,2020,8,2020-08-01,136.1,30.03,5.503875968992244,130.76999999999998,1308,0.22963982564808447
September 2020,14.74,20.73,14.28,19.63,9.18,8.45,9.73,5.11,5.18,12.03,9.60,5.91,5.73,3.45,20.99,6.95,4.56,1.72,5.68,2.56,4.36,5.33,3.89,3.84,3.74,4.10,4.51,6.07,2.70,3.84,3.97,3.15,4.50,1.60,4.07,0.80,0.62,5.29,2.78,3.70,1.71,3.94,4.12,3.80,5.07,2.10,3.07,4.26,3.80,2.27,1.60,2.32,1.96,2.21,2.32,5.19,3.19,3.99,2.29,3.24,3.11,2.91,3.17,2.92,3.97,1.39,4.29,2.98,2.86,2.46,2.73,2.43,4.67,8.20,3.25,4.80,1.79,2.85,3.80,5.41,3.63,3.30,5.42,7.37,7.09,1.35,29.36,4.50,4.52,1.30,1.53,0.99,1.27,1.39,2.21,2.30,3.10,2.88,2.31,3.38,3.43,2.28,2.59,4.88,3.25,4.19,5.08,3.05,5.16,13.05,2020,9,2020-09-01,136,30.03,5.426356589147287,128.36,1339,0.23395138672483637
October 2020,14.61,23.22,12.94,17.60,9.25,7.81,10.52,5.10,5.73,12.95,8.93,5.65,5.65,3.56,20.89,6.99,4.84,1.73,5.70,2.56,4.36,5.34,3.84,3.81,3.64,4.31,4.32,5.88,2.70,3.85,3.99,3.62,4.39,1.61,4.45,0.82,0.54,5.18,3.74,5.07,1.58,3.39,3.95,3.34,5.53,2.02,2.96,4.39,3.72,2.27,1.87,2.03,2.84,3.36,2.43,7.01,2.99,4.01,2.36,3.16,2.99,2.79,3.08,2.81,4.14,1.29,4.31,2.93,2.83,2.48,2.70,2.21,4.72,8.18,3.20,4.67,1.91,2.91,3.74,5.36,3.65,3.20,4.64,7.11,6.62,1.34,29.34,4.55,4.51,1.26,1.40,1.24,1.29,1.28,1.98,2.26,3.01,2.75,2.31,3.37,3.44,2.31,2.54,4.98,3.24,4.22,5.13,3.14,5.16,13.18,2020,10,2020-10-01,136.6,30.03,5.89147286821705,132.20999999999998,1369,0.22713864306784665
November 2020,15.19,20.27,15.90,25.44,9.37,8.09,9.48,5.15,5.17,13.02,10.18,5.97,6.20,3.58,20.71,7.02,4.62,1.65,5.75,2.56,4.34,5.33,3.83,3.81,3.59,4.27,4.26,6.05,2.71,3.86,4.46,3.63,4.64,1.61,4.70,0.83,0.55,5.51,3.17,5.35,1.58,4.15,3.89,3.62,5.51,1.99,2.99,4.37,3.62,2.54,1.96,2.23,2.88,3.56,2.77,7.46,2.98,3.96,2.40,3.28,3.14,2.95,3.12,2.94,3.96,1.57,4.35,2.94,2.80,2.39,2.62,2.55,4.79,8.30,3.24,4.61,2.05,2.80,3.72,5.15,3.54,3.37,5.34,7.26,7.35,1.34,29.07,4.70,4.49,1.28,1.39,1.16,1.31,1.27,2.17,2.21,3.06,2.82,2.38,3.44,3.41,2.35,2.73,4.51,3.26,4.20,5.09,3.23,5.23,13.85,2020,11,2020-11-01,136.8,30.03,6.046511627906986,136.29,1400,0.22033898305084748
December 2020,14.40,18.43,13.43,19.12,10.07,8.62,10.29,5.40,6.54,12.05,9.45,6.17,6.27,3.77,20.35,7.50,4.64,1.88,5.66,2.58,4.35,5.34,3.94,3.90,3.57,4.77,4.36,6.06,2.75,3.85,4.93,3.97,4.51,1.61,4.78,0.89,0.61,5.94,3.09,5.03,1.61,3.87,4.15,3.15,5.95,2.16,3.01,4.46,3.65,2.51,1.69,2.10,2.79,3.25,2.69,8.06,3.83,4.08,2.45,3.15,2.98,2.70,3.06,2.75,4.02,1.73,4.24,3.00,2.92,2.25,2.70,2.71,4.92,8.27,3.33,4.62,1.91,2.92,3.64,5.39,3.67,3.39,6.31,7.54,6.48,1.32,29.32,4.66,4.52,1.33,1.46,1.21,1.28,1.15,2.15,2.34,3.14,2.93,2.39,3.39,3.39,2.42,2.61,4.83,3.26,4.21,5.23,3.27,5.38,13.20,2020,12,2020-12-01,136.5,30.03,5.813953488372093,136.79,1430,0.21953359163681557
January 2021,15.07,22.38,15.52,25.45,9.45,8.97,9.13,4.74,5.19,12.00,9.51,5.99,6.01,3.44,22.04,6.98,4.73,1.60,5.60,2.57,4.36,5.36,3.79,3.74,3.76,4.41,4.51,6.17,2.65,3.86,4.76,3.69,4.60,1.63,4.73,0.88,0.58,5.94,3.44,4.27,1.55,4.47,4.28,3.67,6.44,2.37,3.19,4.27,3.66,2.91,1.90,2.16,2.47,3.22,2.77,8.39,4.31,3.98,2.39,3.18,2.96,2.81,3.05,2.86,4.23,1.77,4.26,2.97,3.06,2.48,2.68,2.50,4.80,8.52,3.24,4.79,2.13,2.76,3.84,5.48,3.54,3.41,5.40,6.90,7.77,1.33,29.58,4.69,4.53,1.33,1.45,1.18,1.30,1.27,2.15,2.28,3.20,2.90,2.41,3.42,3.40,2.29,2.62,5.08,3.14,4.21,5.15,3.07,5.33,13.80,2021,1,2021-01-01,137.4,30.67,6.511627906976749,139.30999999999997,1461,0.22015648553585535
February 2021,14.98,21.52,14.72,22.95,9.27,8.38,8.46,4.39,5.55,12.30,10.22,6.54,5.77,3.77,22.98,7.39,4.64,1.67,5.52,2.63,4.48,5.52,3.93,3.79,3.83,4.87,4.65,6.17,2.71,3.91,4.47,3.38,4.57,1.62,4.61,0.83,0.53,5.84,3.65,4.41,1.47,4.20,4.25,3.75,5.74,2.35,3.23,4.28,3.61,2.88,1.91,1.99,2.24,3.12,2.33,8.25,4.36,4.02,2.47,3.48,3.28,3.14,3.16,3.09,4.03,1.89,4.44,2.97,2.84,2.44,2.78,2.66,4.96,8.46,3.33,4.86,1.86,2.92,3.90,5.62,3.76,3.44,6.00,7.03,6.58,1.34,29.66,5.04,4.61,1.31,1.50,1.15,1.26,1.35,2.22,2.33,3.15,2.93,2.40,3.41,3.40,2.34,2.57,5.15,2.89,4.19,5.20,3.19,5.16,13.46,2021,2,2021-02-01,138.1,30.67,7.054263565891468,137.06,1492,0.22377061141106086
March 2021,14.67,24.69,16.20,21.10,9.50,7.50,9.32,5.87,5.18,11.93,8.65,5.63,6.25,3.78,21.98,6.93,4.71,1.69,5.60,2.63,4.47,5.51,3.89,3.80,3.84,4.09,4.47,6.02,2.72,4.05,4.91,3.61,4.62,1.62,4.48,0.85,0.65,6.28,2.89,3.23,1.59,4.17,4.22,3.67,4.80,2.29,3.34,4.32,3.80,2.63,1.41,1.95,2.24,2.83,2.41,7.46,4.17,4.11,2.46,3.57,3.41,3.26,3.21,3.12,4.04,1.58,4.36,2.96,2.84,2.33,2.66,2.67,4.88,8.35,3.30,4.63,1.88,2.91,3.84,5.23,3.77,3.31,6.37,7.15,6.62,1.34,30.38,5.12,4.47,1.22,1.54,1.02,1.29,1.37,2.07,2.33,3.04,2.88,2.42,3.44,3.50,2.46,2.60,5.12,3.26,4.20,5.35,3.38,5.25,13.28,2021,3,2021-03-01,138.7,30.67,7.5193798449612315,134.20999999999995,1520,0.22852246479397967
April 2021,15.12,22.87,16.46,23.69,9.19,8.43,10.03,5.72,6.20,12.58,9.95,6.39,6.21,3.76,23.04,7.17,4.54,1.63,5.79,2.64,4.46,5.50,3.76,3.71,3.83,5.07,4.78,6.30,2.75,4.07,4.72,3.59,4.64,1.62,4.44,0.88,0.67,5.39,2.82,3.57,1.76,5.10,4.22,3.80,3.70,2.41,3.36,4.14,3.74,2.39,1.25,2.17,2.29,2.63,2.56,6.36,4.12,3.96,2.47,3.55,3.53,3.30,3.28,3.14,4.03,1.86,4.45,3.03,2.88,2.43,2.67,2.54,4.87,8.32,3.27,4.72,2.34,2.90,3.85,5.37,3.69,3.32,6.48,7.28,8.06,1.34,30.87,4.87,4.55,1.23,1.60,1.01,1.28,1.38,2.23,2.29,3.08,2.85,2.40,3.41,3.49,2.21,2.65,4.93,3.28,4.17,5.42,3.24,5.37,12.94,2021,4,2021-04-01,139.2,30.67,7.906976744186038,134.87,1551,0.22740416697560614
May 2021,15.54,23.38,15.05,27.07,9.37,8.86,10.24,6.05,5.63,12.55,8.90,5.83,6.58,3.51,22.37,7.15,4.60,1.73,5.72,2.63,4.50,5.52,3.96,3.83,3.88,5.05,4.73,6.37,2.78,4.00,5.00,3.98,4.92,1.62,4.51,0.87,0.64,6.70,2.90,3.54,1.73,5.19,4.33,3.97,3.60,2.45,3.50,4.29,3.85,2.59,1.32,2.27,2.26,2.48,2.53,7.09,4.12,4.05,2.48,3.58,3.65,3.35,3.38,3.18,4.24,1.74,4.48,2.97,2.92,2.43,2.75,2.56,4.93,8.35,3.37,4.93,2.33,2.88,3.85,5.54,3.84,3.20,6.84,8.26,8.05,1.34,30.80,4.81,4.38,1.22,1.59,1.01,1.27,1.37,2.25,2.31,3.16,2.90,2.47,3.35,3.57,2.41,2.51,5.24,3.12,4.05,5.50,3.36,5.52,12.48,2021,5,2021-05-01,139.9,30.67,8.44961240310078,136.86999999999998,1581,0.2240812449769855
June 2021,16.22,25.53,17.44,24.05,9.10,8.70,11.73,6.22,5.13,12.77,9.90,6.04,6.43,3.62,24.27,7.34,4.84,1.74,5.77,2.64,4.48,5.51,4.07,3.91,3.81,5.07,4.89,6.27,2.78,4.05,5.04,3.93,5.02,1.61,4.38,0.84,0.63,6.41,3.44,3.28,1.82,5.07,4.22,3.87,3.71,2.55,3.67,4.26,3.95,2.68,1.50,2.40,2.15,2.01,2.48,7.06,4.08,4.03,2.50,3.49,3.64,3.32,3.38,3.12,4.25,1.82,4.41,2.96,2.80,2.43,2.66,2.50,4.97,8.29,3.40,4.84,2.30,2.94,3.86,5.70,3.85,3.18,7.07,8.47,7.89,1.37,30.72,4.76,4.39,1.25,1.59,1.09,1.28,1.34,2.25,2.36,3.17,2.89,2.50,3.31,3.48,2.50,2.61,5.41,3.25,3.96,5.33,3.27,5.57,13.13,2021,6,2021-06-01,140.3,30.67,8.759689922480629,136.95,1612,0.22395034684191314
July 2021,16.42,26.89,17.09,26.00,9.41,9.20,12.20,5.58,6.43,12.58,9.66,6.00,6.79,3.70,24.49,7.43,4.77,1.65,5.74,2.66,4.52,5.50,3.94,3.82,4.00,4.85,4.79,6.35,2.82,3.82,5.32,3.66,4.84,1.61,4.46,0.82,0.63,6.21,3.33,3.61,1.75,4.96,4.28,3.86,3.91,2.38,3.56,4.39,4.00,2.33,1.48,2.20,1.89,1.75,2.26,6.97,4.21,4.10,2.55,3.44,3.81,3.28,3.41,3.05,4.36,2.00,4.47,2.98,2.87,2.44,2.69,2.56,5.02,8.43,3.44,4.94,2.24,2.90,3.87,5.58,3.90,3.24,7.97,8.95,8.21,1.38,31.64,4.73,4.84,1.20,1.56,1.00,1.31,1.37,2.15,2.33,3.18,2.93,2.36,3.48,3.42,2.61,2.74,5.39,3.30,4.17,5.50,3.40,5.38,13.27,2021,7,2021-07-01,141.1,30.67,9.379844961240305,137.02,1642,0.2238359363596555
August 2021,16.47,27.82,17.63,26.11,9.88,8.98,13.32,5.20,6.18,13.90,9.97,6.18,7.08,3.90,24.61,7.25,4.64,1.61,5.79,2.66,4.50,5.49,3.84,3.74,4.05,5.08,5.01,6.29,2.87,4.13,5.35,3.69,5.02,1.61,4.57,0.80,0.60,6.17,2.57,3.72,1.81,4.64,4.20,4.08,3.77,2.12,3.08,4.44,3.88,2.20,1.54,2.32,1.97,1.76,2.35,5.45,3.87,4.10,2.46,3.40,3.73,3.23,3.39,3.10,4.14,2.00,4.56,3.09,2.96,2.46,2.68,2.59,4.97,8.39,3.37,4.87,2.30,2.68,3.93,5.45,3.76,3.22,8.45,8.91,7.96,1.39,30.94,4.63,4.98,1.21,1.68,0.95,1.30,1.36,2.19,2.31,3.26,2.96,2.45,3.42,3.40,2.44,2.78,5.44,3.30,4.16,5.50,3.41,5.49,13.48,2021,8,2021-08-01,141.5,30.67,9.689922480620156,136.63000000000002,1673,0.22447485910854129
September 2021,15.77,23.12,18.25,29.04,10.10,9.30,10.57,7.15,5.65,13.13,9.84,6.15,7.05,3.69,24.51,7.38,4.42,1.65,5.91,2.66,4.49,5.50,3.84,3.76,3.92,4.38,5.05,6.28,2.83,3.99,4.21,3.42,4.60,1.61,4.38,0.83,0.59,5.54,2.94,4.04,1.81,4.11,4.20,3.83,3.95,1.96,3.23,4.33,3.91,2.13,1.53,2.11,2.04,2.01,2.17,4.98,3.06,4.11,2.46,3.33,3.33,3.09,3.26,3.01,4.00,1.77,4.39,3.04,3.00,2.41,2.65,2.74,4.86,8.21,3.32,4.62,2.02,2.98,3.99,5.57,3.86,3.27,9.38,9.74,7.77,1.36,30.86,4.87,5.15,1.30,1.56,1.05,1.31,1.35,2.13,2.14,3.30,2.95,2.54,3.42,3.40,2.40,2.88,5.39,3.29,4.06,5.67,3.32,5.67,13.15,2021,9,2021-09-01,141.8,30.67,9.922480620155048,132.4,1704,0.2316465256797583
October 2021,16.65,26.70,15.71,22.08,10.07,8.69,11.69,7.52,6.17,12.72,11.11,7.02,6.84,3.89,23.88,7.59,4.80,1.68,5.81,2.65,4.48,5.50,3.83,3.78,3.85,4.75,4.97,6.02,2.84,4.17,4.05,3.56,4.52,1.61,4.73,0.84,0.61,5.14,3.64,4.40,1.73,3.43,4.20,3.17,4.42,1.90,2.83,4.32,3.59,2.32,1.82,2.17,2.51,2.47,2.44,6.25,2.92,3.99,2.48,3.23,3.25,2.92,3.20,2.86,4.31,1.56,4.46,2.95,2.84,2.39,2.58,2.49,4.92,8.45,3.45,4.66,2.34,2.89,3.89,5.35,3.77,3.53,9.55,9.64,7.96,1.35,29.91,4.91,5.19,1.41,1.51,1.16,1.30,1.22,2.13,2.16,3.13,2.78,2.52,3.45,3.51,2.55,2.84,4.88,3.27,4.03,5.90,3.30,5.74,13.68,2021,10,2021-10-01,142.8,30.67,10.69767441860466,134.05999999999997,1734,0.22877815903326873
November 2021,17.28,24.05,19.69,31.32,10.81,9.09,11.30,6.96,5.91,14.01,9.83,6.04,7.04,3.87,24.34,7.35,4.62,1.60,5.84,2.63,4.46,5.51,3.81,3.73,3.78,4.51,5.16,6.24,2.84,4.03,4.41,3.62,4.78,1.61,4.62,0.89,0.64,5.93,3.84,5.83,1.66,4.22,4.13,3.54,5.22,1.90,2.87,4.44,3.63,2.70,2.02,2.24,3.57,3.31,3.00,7.38,3.08,3.97,2.49,3.41,3.46,3.22,3.45,3.12,4.02,1.79,4.65,3.02,2.85,2.41,2.57,2.66,5.02,8.52,3.43,4.74,2.35,3.04,3.87,5.33,3.79,3.65,8.15,9.79,8.84,1.34,30.38,5.19,5.38,1.43,1.49,1.06,1.42,1.29,2.20,2.26,3.15,2.83,2.46,3.43,3.58,2.48,3.02,4.87,3.17,4.05,5.95,3.41,5.81,12.59,2021,11,2021-11-01,143,30.67,10.852713178294573,140.56,1765,0.21819863403528744
December 2021,17.11,21.53,15.62,23.54,10.32,9.49,10.87,6.60,6.61,13.56,10.99,6.88,7.34,3.99,23.46,7.63,4.68,1.86,5.92,2.64,4.48,5.54,3.92,3.85,3.82,4.93,4.98,6.03,2.85,3.95,5.35,4.16,5.21,1.65,5.01,0.92,0.70,6.52,3.23,5.79,1.76,4.22,4.21,3.08,5.59,2.09,2.99,4.50,3.71,2.68,1.79,2.18,2.65,3.23,3.04,7.70,3.59,4.14,2.58,3.32,3.21,3.03,3.32,2.99,4.04,1.67,4.77,3.12,2.98,2.48,2.55,2.77,5.03,8.53,3.55,4.64,2.49,3.13,3.94,5.57,3.83,3.85,10.11,10.51,8.50,1.36,29.95,4.79,5.24,1.47,1.60,1.23,1.39,1.17,2.14,2.23,3.24,2.96,2.46,3.42,3.50,2.65,3.15,5.05,3.14,4.14,6.01,3.50,5.81,13.74,2021,12,2021-12-01,142.9,30.67,10.775193798449617,143.38000000000002,1795,0.21390710001394891
January 2022,17.08,26.55,19.07,30.21,10.69,9.28,10.73,5.46,5.87,13.78,10.61,6.68,6.90,3.79,26.58,7.47,4.65,1.69,5.70,2.63,4.49,5.54,3.81,3.68,3.91,4.72,5.15,6.30,2.80,3.91,5.01,4.17,5.18,1.67,4.96,0.95,0.76,6.94,3.37,4.66,1.88,4.63,4.14,3.63,5.75,2.20,3.05,4.57,3.69,2.83,1.90,2.20,2.42,3.10,2.64,7.89,4.02,4.09,2.48,3.49,3.43,3.32,3.48,3.25,4.14,1.81,4.66,3.08,2.99,2.60,2.70,2.73,5.10,8.80,3.49,4.80,2.39,3.02,4.01,5.71,3.86,3.93,8.62,9.09,8.90,1.36,29.62,4.67,5.28,1.45,1.44,1.18,1.35,1.31,2.24,2.33,3.40,3.11,2.46,3.47,3.69,2.45,3.14,5.19,3.28,3.97,5.97,3.22,5.90,14.05,2022,1,2022-01-01,144.2,31.96,11.7829457364341,145.62,1826,0.21947534679302294
February 2022,16.44,26.97,19.59,31.97,10.29,8.22,10.82,5.25,5.65,13.67,10.66,6.45,7.00,3.91,25.86,7.59,4.68,1.72,5.83,2.77,4.72,5.98,3.89,3.77,4.16,5.36,5.33,6.44,2.94,4.07,4.85,3.72,5.19,1.67,4.80,0.92,0.86,7.29,3.55,3.84,2.00,3.95,4.21,3.66,5.44,2.33,3.31,4.83,4.01,2.96,1.85,2.39,2.58,3.17,2.77,7.65,4.53,4.09,2.57,3.47,3.50,3.23,3.44,3.17,4.13,1.76,4.70,3.19,3.01,2.55,2.78,2.91,5.12,9.09,3.69,4.94,2.67,3.03,4.14,5.98,3.86,3.93,10.62,11.10,7.80,1.36,29.15,5.20,5.42,1.46,1.50,1.17,1.36,1.38,2.24,2.32,3.51,3.24,2.66,3.42,3.78,2.57,3.28,5.17,3.13,4.24,5.77,3.56,5.65,14.09,2022,2,2022-02-01,145.6,31.96,12.868217054263562,145.42,1857,0.21977719708430754
March 2022,17.32,32.72,18.02,28.20,10.11,8.35,10.38,6.74,5.55,13.93,10.40,5.79,6.98,3.85,26.51,7.43,4.63,1.70,5.68,2.77,4.74,6.02,4.12,3.92,4.15,5.11,5.78,6.61,2.98,4.19,5.41,4.58,5.65,1.67,5.08,0.93,0.98,6.90,2.95,3.36,2.07,4.42,4.13,3.67,4.57,2.35,3.66,5.13,4.11,3.33,1.45,2.15,3.10,3.76,2.73,7.70,4.44,4.21,2.56,3.50,3.83,3.28,3.44,3.19,4.29,1.79,4.78,3.29,3.01,2.63,2.74,3.14,5.22,9.18,3.95,5.26,2.51,3.04,4.27,5.83,3.82,4.05,10.27,11.28,9.26,1.39,28.83,5.30,5.76,1.37,1.53,1.20,1.42,1.37,2.18,2.27,3.49,3.30,2.59,3.43,3.78,2.51,3.43,5.30,3.27,4.13,6.06,3.48,5.68,15.24,2022,3,2022-03-01,147.7,31.96,14.496124031007742,151.35,1885,0.21116617112652794
April 2022,18.65,28.80,19.11,24.03,10.82,9.12,11.44,7.51,5.66,15.32,11.72,7.11,7.25,4.09,26.41,7.80,4.88,1.85,5.92,2.78,4.76,6.04,4.06,3.99,4.06,5.25,6.24,6.65,2.98,4.04,5.42,4.20,5.65,1.67,5.03,0.90,0.99,6.36,3.28,4.11,2.35,4.36,4.18,3.41,4.21,2.42,3.93,5.28,4.42,3.08,1.33,2.32,3.18,3.58,2.56,7.22,4.05,4.27,2.61,3.35,3.27,3.00,3.26,2.98,4.20,1.80,4.65,3.37,3.14,2.58,2.77,3.00,5.40,9.42,4.01,5.28,2.42,3.18,4.06,6.00,3.87,4.07,10.83,11.79,8.65,1.40,29.95,5.37,5.93,1.49,1.51,1.23,1.48,1.25,2.18,2.27,3.56,3.32,2.64,3.49,3.71,2.70,3.38,5.32,3.26,4.22,6.23,3.55,5.75,14.47,2022,4,2022-04-01,148.6,31.96,15.193798449612398,150.77000000000004,1916,0.21197851031372283
May 2022,18.80,24.32,18.71,25.82,10.32,9.05,11.48,7.18,5.75,15.04,10.92,6.14,7.30,3.91,29.16,7.99,4.50,1.80,5.61,2.79,4.75,6.03,4.07,3.98,4.23,5.82,6.25,6.76,3.03,4.24,5.58,4.54,5.81,1.68,5.20,0.92,0.92,7.56,4.09,3.79,2.46,5.26,4.64,4.11,4.11,2.71,4.29,5.37,4.69,3.35,1.36,2.46,2.86,3.19,2.74,7.56,4.53,4.41,2.67,3.51,3.66,3.22,3.41,3.12,4.19,1.71,4.96,3.37,3.16,2.68,2.91,2.92,5.47,9.32,3.98,5.36,2.66,3.26,4.16,6.03,3.88,4.15,10.87,11.68,9.12,1.40,32.02,5.29,5.92,1.54,1.52,1.25,1.53,1.38,2.16,2.27,3.63,3.37,2.60,3.59,3.81,2.55,3.24,5.43,3.33,4.08,6.40,3.56,5.86,14.97,2022,5,2022-05-01,150.7,31.96,16.82170542635658,153.98000000000002,1946,0.20755942330172747
June 2022,18.69,24.19,18.88,24.77,10.28,9.19,11.39,6.90,5.93,14.84,10.34,5.94,7.01,4.05,28.15,7.84,4.59,1.84,5.58,2.79,4.74,6.00,4.03,3.98,4.23,6.11,6.40,6.74,3.00,4.19,5.69,4.43,5.79,1.68,5.08,0.89,0.75,6.10,4.24,3.69,2.42,4.90,4.87,4.18,4.04,2.94,4.38,5.51,4.75,3.64,1.30,2.30,2.72,2.67,2.71,7.47,4.87,4.38,2.71,3.43,3.49,3.18,3.40,3.12,4.14,1.70,4.91,3.39,3.20,2.66,2.81,3.02,5.57,9.35,3.84,5.27,2.42,3.27,4.10,6.16,4.01,4.04,11.03,11.71,9.16,1.41,31.98,5.41,5.91,1.51,1.66,1.40,1.52,1.41,2.26,2.35,3.73,3.47,2.67,3.51,3.98,2.83,3.14,5.45,3.17,4.06,6.33,3.58,5.95,14.95,2022,6,2022-06-01,151.6,31.96,17.519379844961236,153.60999999999999,1977,0.20805937113469178
July 2022,18.73,23.27,18.61,25.99,10.64,8.91,11.45,6.18,5.85,15.94,11.39,6.58,7.24,4.05,26.75,7.92,4.76,1.70,5.82,2.80,4.73,5.99,4.07,3.94,4.35,5.72,6.56,6.75,3.02,4.29,5.71,4.67,5.75,1.68,5.14,0.88,0.67,6.64,4.15,4.13,2.19,5.24,5.14,4.18,4.35,2.73,4.41,5.64,4.91,2.78,1.34,2.37,2.10,2.00,2.49,7.15,4.96,4.22,2.70,3.53,3.71,3.27,3.44,3.19,4.19,1.88,5.09,3.50,3.37,2.71,2.90,3.16,5.60,9.41,3.88,5.51,2.49,3.23,4.05,6.34,4.29,4.04,12.29,12.63,8.68,1.39,31.91,5.31,6.25,1.59,1.70,1.43,1.52,1.49,2.26,2.39,3.79,3.56,2.75,3.69,4.03,2.85,3.30,5.26,3.20,4.26,6.51,3.59,5.93,14.62,2022,7,2022-07-01,151.9,31.96,17.751937984496127,153.76999999999998,2007,0.20784288222670225
August 2022,18.51,22.91,18.75,27.42,10.47,8.55,10.79,6.56,6.08,15.12,11.63,7.19,7.34,4.03,26.61,7.83,4.69,1.73,5.90,2.82,4.76,6.01,3.98,3.96,4.35,5.44,7.02,6.66,3.04,4.39,6.01,4.50,5.88,1.70,5.89,0.89,0.70,6.60,2.79,4.71,2.18,5.60,4.84,4.36,4.21,2.46,3.89,5.56,4.93,2.41,1.38,2.49,2.20,2.10,2.35,5.96,4.63,4.37,2.80,3.51,3.78,3.19,3.37,3.16,4.28,1.93,5.16,3.53,3.47,2.71,2.98,3.25,5.76,9.31,3.89,5.71,2.78,3.26,4.15,6.45,4.15,4.12,12.01,12.63,9.94,1.41,31.63,5.36,6.27,1.41,1.77,1.21,1.53,1.69,2.33,2.45,3.83,3.56,2.78,3.88,4.08,2.85,3.22,5.32,3.33,4.30,6.31,3.73,6.07,14.62,2022,8,2022-08-01,151.3,31.96,17.286821705426366,152.51,2038,0.20956002885056718
September 2022,16.70,26.25,22.66,26.48,11.54,8.45,10.39,7.32,6.55,14.95,12.00,6.51,7.33,3.90,26.43,7.80,4.84,1.77,5.87,2.90,4.90,6.24,4.11,4.07,4.27,4.97,7.08,6.79,2.99,4.68,4.77,3.60,5.21,1.71,5.07,0.90,0.68,6.15,3.61,4.67,1.74,4.61,4.73,3.90,4.19,2.22,3.74,5.40,4.60,2.31,1.61,2.11,2.50,2.65,2.13,5.50,3.43,4.41,2.90,3.53,3.74,3.22,3.45,3.22,4.12,2.13,4.95,3.44,3.52,2.71,3.00,3.45,5.84,9.55,3.98,5.65,2.52,3.38,4.14,6.28,4.26,4.11,10.92,12.64,8.74,1.45,31.34,5.41,6.31,1.61,1.74,1.37,1.50,1.58,2.44,2.50,3.86,3.60,2.86,3.91,4.19,3.01,3.38,5.39,3.52,4.32,6.38,3.79,6.08,14.94,2022,9,2022-09-01,151.4,31.96,17.364341085271324,149.20000000000002,2069,0.21420911528150133
October 2022,18.39,23.51,16.05,21.23,10.22,8.99,10.33,5.05,5.94,13.92,11.58,6.87,7.17,4.16,23.27,7.31,4.62,1.61,5.92,2.89,4.89,6.23,4.21,4.11,4.02,5.70,6.95,6.37,3.00,4.52,4.27,4.01,5.32,1.69,5.57,0.90,0.73,5.28,4.43,5.45,1.81,3.69,4.68,3.28,4.57,2.17,3.35,5.35,4.25,2.43,1.86,2.35,3.23,3.53,2.36,6.76,3.12,4.53,2.94,3.50,3.75,3.22,3.38,3.21,4.42,1.97,4.82,3.39,3.50,2.68,3.05,3.40,5.82,9.32,4.03,5.54,2.65,3.25,3.81,5.86,4.23,4.05,10.56,11.92,8.37,1.44,33.29,5.49,6.19,1.60,1.56,1.53,1.43,1.35,2.34,2.48,3.74,3.38,2.87,3.82,4.19,2.94,3.21,5.28,3.34,4.32,6.41,3.69,6.11,14.82,2022,10,2022-10-01,152.6,31.96,18.29457364341085,146.72999999999996,2099,0.21781503441695638
November 2022,19.18,21.21,17.55,30.07,10.24,8.14,8.85,7.15,6.37,13.77,12.01,6.31,7.00,4.09,25.59,7.36,4.75,1.64,5.73,2.91,4.93,6.27,4.33,4.13,4.20,5.50,7.11,6.61,3.05,4.59,5.07,3.80,5.31,1.70,5.61,0.92,0.78,6.56,4.65,6.74,1.76,4.99,4.68,4.06,6.32,2.44,3.25,5.27,4.08,3.17,1.66,2.23,4.32,4.64,2.88,8.50,3.53,4.63,2.84,3.67,3.84,3.35,3.42,3.36,4.36,2.03,4.92,3.59,3.65,2.76,2.86,3.41,5.79,9.56,4.07,5.45,2.29,3.33,3.95,6.26,4.01,3.95,11.10,12.30,9.35,1.43,34.42,5.32,6.04,1.55,1.69,1.24,1.51,1.41,2.51,2.56,3.70,3.29,2.80,3.83,4.11,2.74,3.19,4.93,3.45,4.32,6.51,3.61,6.12,14.95,2022,11,2022-11-01,152.8,31.96,18.449612403100783,155.84000000000003,2130,0.20508213552361393
December 2022,19.02,19.53,15.82,21.18,10.92,9.28,10.05,6.16,6.58,13.89,11.96,6.48,7.50,4.14,25.12,8.16,4.90,1.81,6.23,2.91,4.94,6.30,4.20,4.11,3.98,6.16,7.08,6.37,3.26,4.36,5.87,4.08,5.72,1.71,5.74,0.94,0.81,7.72,3.75,6.13,1.87,4.37,4.67,3.32,6.99,2.42,3.53,5.34,4.34,3.64,1.82,2.49,4.35,4.53,3.22,8.92,4.16,4.50,2.95,3.56,3.47,3.23,3.41,3.28,4.27,2.14,4.73,3.70,3.77,2.74,3.01,3.64,5.66,9.42,4.14,5.72,2.83,3.37,4.06,6.40,4.25,4.18,11.41,12.47,9.81,1.49,34.99,5.53,6.23,1.65,1.88,1.65,1.59,1.33,2.30,2.46,3.79,3.51,2.78,3.81,4.23,3.00,3.34,4.98,3.56,4.44,6.79,3.80,6.27,15.51,2022,12,2022-12-01,151.8,31.96,17.67441860465117,160.87,2160,0.19866973332504506
January 2023,17.52,27.98,18.44,28.18,10.64,9.65,8.67,4.48,5.86,13.99,12.10,6.76,7.04,3.79,28.93,7.91,4.79,1.75,5.79,2.89,4.92,6.29,4.34,4.23,4.47,5.87,7.15,6.76,3.16,4.38,5.36,4.11,5.59,1.72,5.59,0.91,0.80,7.15,3.64,4.60,1.80,5.24,4.59,4.06,6.85,2.59,3.54,5.24,4.22,4.22,2.01,2.31,3.42,4.11,3.28,8.98,4.48,4.49,2.86,3.58,3.84,3.33,3.48,3.33,4.81,1.98,5.30,3.65,3.84,2.94,3.14,3.63,5.71,9.78,4.04,5.75,2.93,3.25,4.00,6.40,4.27,4.09,11.38,11.66,10.39,1.48,36.58,5.36,6.09,1.57,1.76,1.38,1.55,1.46,2.58,2.65,3.95,3.62,2.65,3.85,4.34,3.08,3.32,5.12,3.54,4.39,6.79,3.50,6.31,15.03,2023,1,2023-01-01,152.7,33.55,18.372093023255808,161.73,2191,0.20744450627589192
February 2023,17.05,23.32,18.76,30.71,9.92,7.90,9.01,6.18,6.39,14.04,11.48,6.48,6.75,4.08,28.32,7.73,4.42,1.85,6.00,2.95,5.03,6.42,4.19,4.13,4.45,6.42,7.03,6.63,3.13,4.52,5.61,3.61,5.28,1.71,6.02,0.97,0.83,7.55,3.86,4.49,1.65,4.83,4.76,3.99,5.85,2.64,3.74,5.41,4.37,4.02,2.37,2.55,3.01,3.58,3.11,8.83,4.75,4.48,2.99,3.77,3.87,3.48,3.65,3.48,4.60,2.19,5.36,3.55,3.91,2.95,3.20,3.67,5.94,9.55,4.09,5.73,2.99,3.38,4.23,6.58,4.32,4.26,11.33,12.28,10.26,1.57,34.34,5.76,6.43,1.76,1.88,1.63,1.57,1.64,2.70,2.69,3.96,3.62,2.86,3.85,4.40,3.04,3.48,5.11,3.61,4.47,6.76,3.77,6.00,16.07,2023,2,2023-02-01,153.3,33.55,18.83720930232559,160.73,2222,0.20873514589684564
March 2023,17.08,27.70,21.50,28.92,10.31,7.92,8.97,5.79,6.21,14.72,11.96,5.84,6.79,4.01,29.10,7.54,4.85,1.86,5.97,2.96,5.08,6.45,4.25,4.21,4.43,5.50,7.30,6.61,3.19,4.45,5.95,4.37,5.76,1.69,5.65,0.94,0.85,6.70,3.15,3.84,1.71,4.95,4.81,3.96,5.25,2.61,4.06,5.30,4.19,3.63,1.77,2.23,2.92,3.29,2.83,8.29,4.84,4.59,3.07,3.94,4.03,3.58,3.77,3.57,4.73,2.07,5.25,3.64,3.79,2.89,3.27,3.73,6.03,9.71,4.10,5.69,2.44,3.70,4.57,6.30,4.31,4.48,11.35,12.55,10.58,1.63,36.25,6.22,6.52,1.72,1.96,1.34,1.63,1.59,2.71,2.56,3.91,3.63,2.87,3.94,4.50,3.13,3.52,4.61,3.75,4.57,7.03,3.77,6.37,15.26,2023,3,2023-03-01,154.1,33.55,19.457364341085267,160.58000000000004,2250,0.20893012828496693
April 2023,18.17,27.08,19.25,23.72,11.12,9.57,8.64,7.41,5.96,14.68,12.26,5.93,6.59,3.95,28.21,7.89,4.65,1.83,6.01,2.97,5.07,6.46,4.42,4.31,4.40,6.34,7.35,6.71,3.18,4.50,5.76,4.18,5.81,1.69,5.15,0.98,0.87,6.52,3.16,5.66,2.06,5.28,5.13,3.50,4.70,2.87,4.16,5.29,4.30,3.53,1.53,2.46,3.18,3.40,2.94,8.47,4.98,4.62,3.09,3.85,3.82,3.46,3.64,3.47,4.95,2.15,5.17,3.56,3.91,2.89,3.31,3.55,5.92,9.47,4.17,5.59,2.59,3.72,4.44,6.38,4.35,4.43,11.26,12.18,11.66,1.62,35.90,6.11,6.44,1.82,1.96,1.66,1.70,1.50,2.71,2.61,3.97,3.60,2.80,3.88,4.67,3.05,3.42,4.97,3.74,4.62,7.43,3.72,6.44,15.97,2023,4,2023-04-01,155,33.55,20.155038759689923,163.3,2281,0.2054500918554807
May 2023,19.02,26.87,20.37,28.59,11.23,8.88,8.70,8.58,5.98,13.82,12.16,6.32,6.33,3.94,29.09,7.97,4.71,1.85,5.83,2.97,5.05,6.45,4.26,4.11,4.64,6.42,7.46,6.74,3.23,4.38,5.93,4.91,6.44,1.70,4.98,0.91,0.83,10.14,4.09,3.75,1.95,5.58,5.21,4.49,4.23,3.03,4.30,5.27,4.46,3.70,1.39,2.36,3.36,3.54,3.18,8.11,5.24,4.68,3.16,3.95,4.12,3.64,3.89,3.56,4.77,2.12,5.09,3.59,3.93,2.91,3.29,3.51,5.97,9.95,4.22,5.77,2.93,3.73,4.64,6.62,4.37,4.43,11.76,12.81,11.96,1.63,36.47,6.16,6.34,1.70,1.88,1.48,1.60,1.59,2.64,2.68,3.90,3.61,2.79,3.86,4.75,3.33,3.41,4.97,3.72,4.64,7.40,3.84,6.51,15.65,2023,5,2023-05-01,155.6,33.55,20.620155038759684,164.48000000000002,2311,0.20397616731517507
June 2023,19.63,26.04,21.43,27.95,11.50,8.72,8.16,8.80,6.14,14.36,12.78,6.31,6.46,3.95,27.38,7.93,4.45,2.01,5.87,2.98,5.10,6.43,4.43,4.33,4.68,6.24,7.50,6.68,3.23,4.57,6.09,4.93,6.49,1.71,5.26,0.89,0.77,8.82,3.90,3.70,2.01,5.95,5.27,4.52,4.55,3.02,4.46,5.29,4.63,4.10,1.37,2.45,2.72,2.80,3.05,7.97,5.44,4.48,3.20,3.88,4.11,3.63,3.91,3.55,4.91,1.99,4.81,3.74,4.07,2.93,3.15,3.20,6.04,9.60,4.21,5.69,2.79,3.88,4.73,6.74,4.30,4.52,12.79,12.54,12.62,1.71,38.70,6.43,6.29,1.63,2.13,1.47,1.65,1.67,2.58,2.74,3.86,3.60,2.74,3.84,4.67,3.19,3.30,4.85,3.59,4.41,7.41,3.74,6.54,16.22,2023,6,2023-06-01,155.7,33.55,20.69767441860464,166.82,2342,0.2011149742237142
July 2023,19.48,32.11,21.71,26.96,11.19,8.93,8.86,7.35,6.99,14.61,12.47,6.65,6.62,4.04,26.07,7.89,5.10,1.72,5.87,3.00,5.14,6.39,4.31,4.17,4.65,6.27,7.61,6.84,3.33,4.71,6.04,4.80,6.35,1.69,5.58,0.90,0.76,6.63,3.21,3.72,2.02,5.75,5.29,4.59,4.66,2.90,4.24,5.42,4.71,3.70,1.45,2.46,2.48,2.30,2.56,7.69,5.10,4.42,3.26,3.90,4.06,3.64,3.89,3.58,4.82,2.00,5.16,3.58,4.16,2.98,3.31,3.42,6.06,9.69,4.27,5.79,2.89,3.80,4.73,6.75,4.60,4.32,11.27,12.64,12.25,1.73,37.49,6.19,6.43,1.61,2.08,1.64,1.67,1.67,2.60,2.70,3.89,3.57,2.71,3.90,4.73,3.27,3.38,4.99,3.71,4.51,7.31,3.87,6.61,15.54,2023,7,2023-07-01,156.6,33.55,21.395348837209298,164.78,2372,0.2036048064085447
August 2023,16.23,26.22,26.76,32.02,11.45,9.13,9.40,8.35,6.98,14.75,12.64,6.58,6.67,3.94,23.90,7.81,5.02,1.90,6.03,3.00,5.09,6.40,4.24,4.18,4.66,5.94,7.43,6.78,3.26,4.62,6.08,4.71,6.24,1.68,6.04,0.92,0.79,6.55,2.61,4.56,2.18,5.87,5.17,4.63,4.36,2.63,3.92,5.42,4.75,2.82,1.42,2.49,2.91,2.30,2.55,6.08,4.65,4.49,3.28,3.85,4.15,3.62,3.86,3.66,5.09,2.01,5.21,3.53,4.09,2.97,3.26,3.37,6.12,9.67,4.19,5.63,2.97,3.69,4.65,6.71,4.54,4.50,11.29,11.99,12.89,1.70,38.60,6.09,6.45,1.78,2.06,1.29,1.65,1.68,2.66,2.70,3.87,3.57,2.62,3.87,4.82,3.06,3.43,4.99,3.71,4.50,7.26,3.69,6.57,15.35,2023,8,2023-08-01,157.2,33.55,21.86046511627906,161.85,2403,0.20729070126660487
September 2023,18.50,27.67,26.14,27.01,11.69,9.29,8.89,6.53,6.16,15.48,12.49,5.83,7.33,3.89,26.14,7.83,4.61,1.96,6.01,2.99,5.06,6.37,4.32,4.23,4.46,5.53,7.60,6.81,3.26,4.48,4.50,3.82,5.45,1.68,4.96,0.85,0.76,7.57,3.22,4.53,2.07,4.62,4.99,4.03,4.27,2.31,3.78,5.42,4.57,2.62,1.65,2.13,2.72,2.50,2.29,5.89,3.49,4.41,3.29,3.85,4.03,3.51,3.84,3.51,4.73,2.20,4.96,3.54,4.18,2.92,3.21,3.33,6.06,9.84,4.09,5.58,2.45,3.82,4.84,6.57,4.47,4.55,10.33,12.07,11.56,1.67,38.49,6.23,6.46,1.83,1.88,1.38,1.55,1.46,2.62,2.74,3.83,3.52,2.62,3.98,4.76,2.95,3.44,4.58,3.88,4.32,7.40,3.84,6.65,16.09,2023,9,2023-09-01,157,33.55,21.705426356589147,157.52000000000004,2434,0.21298882681564238
October 2023,17.66,25.47,20.04,23.17,11.82,8.99,8.72,6.74,6.74,14.06,12.41,7.25,6.90,3.89,26.11,7.66,4.96,1.66,6.09,2.96,5.08,6.38,4.36,4.22,4.46,6.12,7.47,6.50,3.26,4.47,4.63,3.76,5.46,1.68,5.79,0.86,0.80,7.55,4.06,3.83,2.24,3.93,4.99,3.34,4.79,2.32,3.68,5.23,4.35,2.96,1.83,2.38,2.94,2.51,2.33,7.37,3.13,4.59,3.35,3.85,3.75,3.46,3.73,3.45,4.85,1.94,5.11,3.63,4.08,2.76,3.13,3.39,5.92,9.65,4.16,5.64,2.77,3.87,4.53,6.39,4.48,4.81,11.07,12.38,12.81,1.54,40.18,6.21,6.46,1.95,2.05,1.18,1.66,1.49,2.67,2.74,3.91,3.55,2.68,3.89,4.75,3.15,3.41,4.74,3.88,4.40,7.17,3.65,6.78,15.00,2023,10,2023-10-01,157.2,33.55,21.86046511627906,157.36,2464,0.21320538891713264
November 2023,20.48,23.95,21.18,31.43,11.72,8.78,9.21,7.43,5.90,14.10,11.82,6.07,6.67,3.95,24.21,7.59,4.86,1.82,5.80,2.94,5.10,6.40,4.08,3.92,4.41,5.91,7.25,6.89,3.20,4.65,5.00,3.83,5.46,1.67,4.53,0.91,0.85,8.52,4.18,5.38,2.04,5.03,4.97,4.08,5.17,2.43,3.65,5.24,4.16,3.53,1.89,2.33,3.06,2.96,2.87,8.57,3.76,4.59,3.26,4.04,4.00,3.70,3.92,3.65,4.73,2.04,4.92,3.59,4.00,2.77,3.12,3.41,5.86,9.63,4.17,5.46,2.92,3.74,4.70,6.56,4.39,4.81,10.35,11.67,14.01,1.64,41.16,6.27,6.51,1.71,2.12,1.56,1.73,1.60,2.62,2.62,3.97,3.60,2.66,3.85,4.70,3.10,3.41,4.58,3.76,4.42,7.25,3.82,6.63,15.60,2023,11,2023-11-01,157.4,33.55,22.015503875968996,164.02999999999997,2495,0.20453575565445348
December 2023,19.70,20.67,23.21,26.23,12.71,9.19,9.71,7.23,6.47,12.71,13.06,8.26,7.00,4.15,24.45,7.84,4.65,1.88,6.15,2.96,5.13,6.42,4.38,4.19,4.35,6.09,7.55,6.29,3.41,4.41,5.78,4.13,5.88,1.67,5.73,0.96,0.87,9.01,3.80,6.01,2.00,5.04,5.08,3.42,5.64,2.43,3.62,5.47,4.32,3.35,1.86,2.27,3.11,2.99,2.68,9.02,4.10,4.68,3.32,4.00,3.63,3.51,3.87,3.55,4.70,1.93,4.93,3.46,4.15,2.66,3.29,3.56,5.84,9.53,4.13,5.68,3.03,4.00,4.95,6.56,4.29,4.70,10.48,11.98,14.33,1.57,41.49,6.33,6.46,1.76,2.10,1.77,1.81,1.51,2.61,2.63,4.02,3.63,2.66,3.65,4.67,3.43,3.39,4.60,3.83,4.43,7.44,3.86,6.80,15.79,2023,12,2023-12-01,156.8,33.55,21.550387596899235,165.9,2525,0.2022302591922845
